Date,Open,High,Low,Close,AdjClose,Volume,"('IWM', 'Open')","('IWM', 'High')","('IWM', 'Low')","('IWM', 'Close')","('IWM', 'AdjClose')","('IWM', 'Volume')","('IWM', 'Open').1","('IWM', 'High').1","('IWM', 'Low').1","('IWM', 'Close').1","('IWM', 'AdjClose').1","('IWM', 'Volume').1","('IWM', 'Open')","('IWM', 'High')","('IWM', 'Low')","('IWM', 'Close')","('IWM', 'AdjClose')","('IWM', 'Volume')"
2024-01-02,,,,,,,,,,,,,,,,,,,199.39999389648438,201.6199951171875,198.44000244140625,199.52000427246094,195.0072479248047,44341500.0
2024-01-03,,,,,,,,,,,,,,,,,,,197.39999389648438,197.6699981689453,193.77999877929688,194.1999969482422,189.80755615234375,57532500.0
2024-01-04,,,,,,,,,,,,,,,,,,,194.05999755859375,195.49000549316406,193.69000244140625,193.82000732421875,189.43617248535156,43114200.0
2024-01-05,,,,,,,,,,,,,,,,,,,192.69000244140625,195.4600067138672,192.2899932861328,193.25,188.87904357910156,40964900.0
2024-01-08,,,,,,,,,,,,,,,,,,,193.2899932861328,196.97000122070312,192.25999450683594,196.72999572753906,192.2803497314453,31545400.0
2024-01-09,,,,,,,,,,,,,,,,,,,194.35000610351562,195.77000427246094,193.32000732421875,194.97000122070312,190.56016540527344,28998700.0
2024-01-10,,,,,,,,,,,,,,,,,,,194.74000549316406,195.3800048828125,193.0800018310547,195.0800018310547,190.6676483154297,35075200.0
2024-01-11,,,,,,,,,,,,,,,,,,,194.5,194.74000549316406,191.3000030517578,193.5500030517578,189.17225646972656,48939200.0
2024-01-12,,,,,,,,,,,,,,,,,,,195.88999938964844,197.10000610351562,192.63999938964844,193.22999572753906,188.85951232910156,42992100.0
2024-01-16,,,,,,,,,,,,,,,,,,,191.72000122070312,193.25999450683594,190.11000061035156,190.83999633789062,186.5235595703125,42213000.0
2024-01-17,,,,,,,,,,,,,,,,,,,188.1300048828125,189.92999267578125,187.52999877929688,189.47999572753906,185.1943359375,37787700.0
2024-01-18,,,,,,,,,,,,,,,,,,,190.7100067138672,191.1699981689453,188.2100067138672,190.60000610351562,186.2890167236328,41760000.0
2024-01-19,,,,,,,,,,,,,,,,,,,191.2899932861328,192.85000610351562,189.22999572753906,192.42999267578125,188.0775909423828,63338300.0
2024-01-22,,,,,,,,,,,,,,,,,,,194.14999389648438,196.82000732421875,194.08999633789062,196.5399932861328,192.09461975097656,42379500.0
2024-01-23,,,,,,,,,,,,,,,,,,,198.22000122070312,198.58999633789062,194.97999572753906,195.97000122070312,191.53753662109375,42471200.0
2024-01-24,,,,,,,,,,,,,,,,,,,198.3800048828125,198.4600067138672,194.1199951171875,194.36000061035156,189.96392822265625,41120100.0
2024-01-25,,,,,,,,,,,,,,,,,,,197.10000610351562,197.66000366210938,194.41000366210938,195.97000122070312,191.53753662109375,37659500.0
2024-01-26,,,,,,,,,,,,,,,,,,,196.88999938964844,197.88999938964844,195.3800048828125,195.97999572753906,191.5472869873047,33478600.0
2024-01-29,,,,,,,,,,,,,,,,,,,196.16000366210938,199.41000366210938,195.08999633789062,199.41000366210938,194.8997344970703,29234400.0
2024-01-30,,,,,,,,,,,,,,,,,,,198.38999938964844,198.92999267578125,197.10000610351562,197.7100067138672,193.23818969726562,33121200.0
2024-01-31,,,,,,,,,,,,,,,,,,,197.2100067138672,198.94000244140625,192.7100067138672,192.8800048828125,188.5174102783203,68126700.0
2024-02-01,,,,,,,,,,,,,,,,,,,194.30999755859375,195.74000549316406,191.52999877929688,195.44000244140625,191.01953125,59479000.0
2024-02-02,,,,,,,,,,,,,,,,,,,193.24000549316406,195.5,192.38999938964844,194.41000366210938,190.01280212402344,52839300.0
2024-02-05,,,,,,,,,,,,,,,,,,,192.47000122070312,193.11000061035156,190.05999755859375,191.94000244140625,187.5986785888672,39751900.0
2024-02-06,,,,,,,,,,,,,,,,,,,191.6999969482422,193.8000030517578,191.02000427246094,193.6699981689453,189.28955078125,34689100.0
2024-02-07,,,,,,,,,,,,,,,,,,,194.07000732421875,194.14999389648438,192.0399932861328,193.22000122070312,188.8497314453125,31713900.0
2024-02-08,,,,,,,,,,,,,,,,,,,193.36000061035156,196.3699951171875,192.7100067138672,196.14999389648438,191.7134552001953,35370800.0
2024-02-09,,,,,,,,,,,,,,,,,,,196.9199981689453,199.5500030517578,196.4499969482422,199.33999633789062,194.831298828125,46107100.0
2024-02-12,,,,,,,,,,,,,,,,,,,199.8699951171875,203.5500030517578,199.83999633789062,202.9600067138672,198.36944580078125,43291000.0
2024-02-13,,,,,,,,,,,,,,,,,,,196.22000122070312,197.6300048828125,193.05999755859375,194.61000061035156,190.2082977294922,86247400.0
2024-02-14,,,,,,,,,,,,,,,,,,,197.67999267578125,199.7899932861328,196.22999572753906,199.1300048828125,194.62608337402344,43808000.0
2024-02-15,,,,,,,,,,,,,,,,,,,200.99000549316406,204.77000427246094,200.72000122070312,204.44000244140625,199.81594848632812,44931900.0
2024-02-16,,,,,,,,,,,,,,,,,,,202.1199951171875,203.6999969482422,201.08999633789062,201.66000366210938,197.0988311767578,48346200.0
2024-02-20,,,,,,,,,,,,,,,,,,,199.14999389648438,199.72000122070312,198.00999450683594,198.8800048828125,194.38174438476562,30547500.0
2024-02-21,,,,,,,,,,,,,,,,,,,197.66000366210938,198.35000610351562,196.38999938964844,197.94000244140625,193.4629669189453,28669100.0
2024-02-22,,,,,,,,,,,,,,,,,,,198.64999389648438,200.08999633789062,197.80999755859375,199.44000244140625,194.92904663085938,38184700.0
2024-02-23,,,,,,,,,,,,,,,,,,,199.60000610351562,201.13999938964844,198.57000732421875,199.88999938964844,195.36886596679688,37667700.0
2024-02-26,,,,,,,,,,,,,,,,,,,199.69000244140625,201.63999938964844,199.14999389648438,201.14999389648438,196.600341796875,29118200.0
2024-02-27,,,,,,,,,,,,,,,,,,,203.0800018310547,204.22000122070312,202.5399932861328,204.0,199.38592529296875,32268600.0
2024-02-28,,,,,,,,,,,,,,,,,,,202.44000244140625,203.86000061035156,201.8699951171875,202.32000732421875,197.743896484375,30143900.0
2024-02-29,,,,,,,,,,,,,,,,,,,205.17999267578125,206.0399932861328,202.52000427246094,203.72999572753906,199.12200927734375,40404100.0
2024-03-01,,,,,,,,,,,,,,,,,,,204.52999877929688,206.3300018310547,203.13999938964844,205.88999938964844,201.233154296875,35156900.0
2024-03-04,,,,,,,,,,,,,,,,,,,207.02999877929688,207.77000427246094,205.4499969482422,205.6999969482422,201.0474395751953,24785400.0
2024-03-05,,,,,,,,,,,,,,,,,,,204.3000030517578,205.91000366210938,203.00999450683594,203.72999572753906,199.12200927734375,34163500.0
2024-03-06,,,,,,,,,,,,,,,,,,,206.02999877929688,206.0800018310547,204.0800018310547,205.25,200.60763549804688,34255200.0
2024-03-07,,,,,,,,,,,,,,,,,,,206.6999969482422,208.10000610351562,206.39999389648438,206.9600067138672,202.27896118164062,28020200.0
2024-03-08,,,,,,,,,,,,,,,,,,,208.74000549316406,210.41000366210938,205.8000030517578,206.8300018310547,202.1519012451172,41447800.0
2024-03-11,,,,,,,,,,,,,,,,,,,205.9600067138672,206.83999633789062,204.75,205.19000244140625,200.5489959716797,24435800.0
2024-03-12,,,,,,,,,,,,,,,,,,,205.14999389648438,205.9199981689453,203.38999938964844,204.91000366210938,200.2753448486328,34958900.0
2024-03-13,,,,,,,,,,,,,,,,,,,204.8699951171875,206.5800018310547,204.77000427246094,205.7100067138672,201.05723571777344,25140700.0
2024-03-14,,,,,,,,,,,,,,,,,,,205.0500030517578,205.27999877929688,200.1699981689453,202.02999877929688,197.46044921875,47509100.0
2024-03-15,,,,,,,,,,,,,,,,,,,201.25,203.0800018310547,201.1300048828125,202.41000366210938,197.8318634033203,53217000.0
2024-03-18,,,,,,,,,,,,,,,,,,,202.91000366210938,203.17999267578125,200.91000366210938,201.25,196.69810485839844,32405100.0
2024-03-19,,,,,,,,,,,,,,,,,,,199.77999877929688,202.75,199.66000366210938,202.10000610351562,197.52890014648438,29864100.0
2024-03-20,,,,,,,,,,,,,,,,,,,201.52000427246094,206.99000549316406,201.11000061035156,206.10000610351562,201.43841552734375,49609600.0
2024-03-21,,,,,,,,,,,,,,,,,,,207.0,208.9499969482422,206.83999633789062,207.94000244140625,203.7528533935547,43067300.0
2024-03-22,,,,,,,,,,,,,,,,,,,207.85000610351562,208.24000549316406,205.07000732421875,205.07000732421875,200.94064331054688,28437300.0
2024-03-25,,,,,,,,,,,,,,,,,,,205.72000122070312,207.00999450683594,205.50999450683594,205.5399932861328,201.4011688232422,20107800.0
2024-03-26,,,,,,,,,,,,,,,,,,,207.0500030517578,207.63999938964844,204.99000549316406,205.1699981689453,201.03863525390625,23434800.0
2024-03-27,,,,,,,,,,,,,,,,,,,206.8000030517578,209.7100067138672,206.16000366210938,209.63999938964844,205.41860961914062,35028400.0
2024-03-28,,,,,,,,,,,,,,,,,,,210.0800018310547,211.8800048828125,209.83999633789062,210.3000030517578,206.06533813476562,37675100.0
2024-04-01,,,,,,,,,,,,,,,,,,,210.77000427246094,210.8000030517578,207.9600067138672,208.32000732421875,204.12521362304688,25684200.0
2024-04-02,,,,,,,,,,,,,,,,,,,205.75,205.8800048828125,203.39999389648438,204.49000549316406,200.372314453125,36632100.0
2024-04-03,,,,,,,,,,,,,,,,,,,203.3800048828125,206.39999389648438,203.27999877929688,205.8300018310547,201.68533325195312,27362800.0
2024-04-04,,,,,,,,,,,,,,,,,,,208.0500030517578,208.5500030517578,203.2100067138672,203.77000427246094,199.66680908203125,32265200.0
2024-04-05,,,,,,,,,,,,,,,,,,,203.13999938964844,205.6999969482422,202.8800048828125,204.4499969482422,200.33311462402344,27569400.0
2024-04-08,,,,,,,,,,,,,,,,,,,205.97999572753906,206.4199981689453,204.5800018310547,205.57000732421875,201.43060302734375,21331000.0
2024-04-09,,,,,,,,,,,,,,,,,,,206.22000122070312,206.97000122070312,204.47000122070312,206.3800048828125,202.2242889404297,23289100.0
2024-04-10,,,,,,,,,,,,,,,,,,,201.17999267578125,202.92999267578125,199.5399932861328,200.92999267578125,196.8839874267578,57130500.0
2024-04-11,,,,,,,,,,,,,,,,,,,201.97000122070312,202.91000366210938,200.10000610351562,202.2899932861328,198.2165985107422,37184000.0
2024-04-12,,,,,,,,,,,,,,,,,,,201.22999572753906,201.91000366210938,197.67999267578125,198.69000244140625,194.68911743164062,35388700.0
2024-04-15,,,,,,,,,,,,,,,,,,,199.3699951171875,200.22999572753906,194.97999572753906,195.77999877929688,191.8377227783203,41119300.0
2024-04-16,,,,,,,,,,,,,,,,,,,194.41000366210938,196.24000549316406,193.36000061035156,195.05999755859375,191.1322021484375,43267500.0
2024-04-17,,,,,,,,,,,,,,,,,,,196.47000122070312,196.6199951171875,192.99000549316406,193.0,189.1136932373047,38589500.0
2024-04-18,,,,,,,,,,,,,,,,,,,193.6999969482422,195.66000366210938,192.14999389648438,192.83999633789062,188.95689392089844,40238200.0
2024-04-19,,,,,,,,,,,,,,,,,,,191.94000244140625,194.38999938964844,191.33999633789062,193.13999938964844,189.25088500976562,42666500.0
2024-04-22,,,,,,,,,,,,,,,,,,,194.2100067138672,196.3000030517578,192.89999389648438,195.3000030517578,191.36737060546875,31553000.0
2024-04-23,,,,,,,,,,,,,,,,,,,195.25999450683594,199.32000732421875,195.1300048828125,198.57000732421875,194.571533203125,31838300.0
2024-04-24,,,,,,,,,,,,,,,,,,,198.1699981689453,198.91000366210938,196.4600067138672,197.67999267578125,193.69943237304688,28791700.0
2024-04-25,,,,,,,,,,,,,,,,,,,195.44000244140625,196.8300018310547,193.77000427246094,196.47999572753906,192.52362060546875,31915600.0
2024-04-26,,,,,,,,,,,,,,,,,,,197.0,198.88999938964844,196.4199981689453,198.36000061035156,194.36575317382812,24613600.0
2024-04-29,,,,,,,,,,,,,,,,,,,199.25,200.41000366210938,198.8800048828125,199.9600067138672,195.9335479736328,20494600.0
2024-04-30,,,,,,,,,,,,,,,,,,,198.11000061035156,198.64999389648438,195.75,195.89999389648438,191.9552764892578,30606800.0
2024-05-01,,,,,,,,,,,,,,,,,,,195.8800048828125,200.32000732421875,195.02999877929688,196.30999755859375,192.35702514648438,38782100.0
2024-05-02,,,,,,,,,,,,,,,,,,,198.77999877929688,200.1199951171875,196.5399932861328,199.9199981689453,195.89434814453125,27201000.0
2024-05-03,,,,,,,,,,,,,,,,,,,203.41000366210938,204.16000366210938,201.1199951171875,201.89999389648438,197.83448791503906,30880600.0
2024-05-06,,,,,,,,,,,,,,,,,,,203.47000122070312,204.77999877929688,203.3800048828125,204.50999450683594,200.39190673828125,23129800.0
2024-05-07,,,,,,,,,,,,,,,,,,,204.77000427246094,206.14999389648438,204.5,204.97000122070312,200.84266662597656,20116900.0
2024-05-08,,,,,,,,,,,,,,,,,,,202.72000122070312,203.9600067138672,202.55999755859375,203.77999877929688,199.67660522460938,18349400.0
2024-05-09,,,,,,,,,,,,,,,,,,,203.97000122070312,205.99000549316406,203.41000366210938,205.86000061035156,201.7147216796875,22914300.0
2024-05-10,,,,,,,,,,,,,,,,,,,206.35000610351562,206.6199951171875,203.67999267578125,204.30999755859375,200.1959228515625,21520200.0
2024-05-13,,,,,,,,,,,,,,,,,,,206.0800018310547,206.5500030517578,204.60000610351562,204.74000549316406,200.61729431152344,18585300.0
2024-05-14,,,,,,,,,,,,,,,,,,,207.1300048828125,207.74000549316406,205.91000366210938,206.86000061035156,202.69461059570312,33169000.0
2024-05-15,,,,,,,,,,,,,,,,,,,209.2100067138672,209.77000427246094,207.72000122070312,209.44000244140625,205.22264099121094,33412300.0
2024-05-16,,,,,,,,,,,,,,,,,,,208.89999389648438,209.35000610351562,207.92999267578125,207.92999267578125,203.7430419921875,26731100.0
2024-05-17,,,,,,,,,,,,,,,,,,,208.00999450683594,208.52000427246094,207.35000610351562,208.0800018310547,203.8900146484375,35219800.0
2024-05-20,,,,,,,,,,,,,,,,,,,208.02000427246094,209.47999572753906,207.77999877929688,208.5399932861328,204.34075927734375,15695900.0
2024-05-21,,,,,,,,,,,,,,,,,,,207.8300018310547,208.69000244140625,207.58999633789062,208.33999633789062,204.14479064941406,13466800.0
2024-05-22,,,,,,,,,,,,,,,,,,,207.52999877929688,208.22000122070312,205.8000030517578,206.5800018310547,202.42022705078125,20853100.0
2024-05-23,,,,,,,,,,,,,,,,,,,207.50999450683594,207.6199951171875,202.35000610351562,203.19000244140625,199.09849548339844,34039800.0
2024-05-24,,,,,,,,,,,,,,,,,,,204.7899932861328,205.67999267578125,203.9600067138672,205.44000244140625,201.3031768798828,19946100.0
2024-05-28,,,,,,,,,,,,,,,,,,,206.97000122070312,207.08999633789062,203.97000122070312,205.16000366210938,201.0288543701172,18475900.0
2024-05-29,,,,,,,,,,,,,,,,,,,202.52999877929688,203.00999450683594,201.77999877929688,202.1300048828125,198.05984497070312,25654800.0
2024-05-30,,,,,,,,,,,,,,,,,,,203.52000427246094,204.94000244140625,203.0800018310547,204.0500030517578,199.94117736816406,20428200.0
2024-05-31,,,,,,,,,,,,,,,,,,,204.9499969482422,206.27999877929688,203.0800018310547,205.77000427246094,201.62655639648438,25784900.0
2024-06-03,,,,,,,,,,,,,,,,,,,207.52999877929688,207.55999755859375,203.14999389648438,204.61000061035156,200.48989868164062,23902900.0
2024-06-04,,,,,,,,,,,,,,,,,,,203.14999389648438,204.5,201.64999389648438,201.97000122070312,197.90306091308594,27098900.0
2024-06-05,,,,,,,,,,,,,,,,,,,203.3000030517578,205.05999755859375,201.7899932861328,205.05999755859375,200.9308319091797,20707600.0
2024-06-06,,,,,,,,,,,,,,,,,,,204.17999267578125,204.80999755859375,202.99000549316406,203.58999633789062,199.49044799804688,17335500.0
2024-06-07,,,,,,,,,,,,,,,,,,,201.52999877929688,203.1699981689453,200.67999267578125,201.1999969482422,197.1485595703125,26036000.0
2024-06-10,,,,,,,,,,,,,,,,,,,199.52000427246094,202.1300048828125,199.00999450683594,201.88999938964844,197.82467651367188,25075300.0
2024-06-11,,,,,,,,,,,,,,,,,,,199.63999938964844,201.02000427246094,198.4199981689453,200.63999938964844,197.14866638183594,23768400.0
2024-06-12,,,,,,,,,,,,,,,,,,,205.8699951171875,207.27000427246094,203.10000610351562,203.72000122070312,200.17506408691406,43668700.0
2024-06-13,,,,,,,,,,,,,,,,,,,203.27000427246094,203.5399932861328,200.50999450683594,201.94000244140625,198.42604064941406,28021100.0
2024-06-14,,,,,,,,,,,,,,,,,,,199.55999755859375,200.0399932861328,197.94000244140625,198.72999572753906,195.27188110351562,33453700.0
2024-06-17,,,,,,,,,,,,,,,,,,,198.1199951171875,200.9499969482422,197.41000366210938,200.39999389648438,196.91281127929688,25538100.0
2024-06-18,,,,,,,,,,,,,,,,,,,200.4600067138672,201.69000244140625,200.02999877929688,200.75,197.25674438476562,25446900.0
2024-06-20,,,,,,,,,,,,,,,,,,,200.32000732421875,201.86000061035156,199.22000122070312,199.89999389648438,196.42152404785156,27999700.0
2024-06-21,,,,,,,,,,,,,,,,,,,199.92999267578125,200.41000366210938,198.4600067138672,200.35000610351562,196.86370849609375,37511300.0
2024-06-24,,,,,,,,,,,,,,,,,,,200.69000244140625,202.69000244140625,200.52999877929688,201.22000122070312,197.71856689453125,22289600.0
2024-06-25,,,,,,,,,,,,,,,,,,,201.1300048828125,201.16000366210938,199.82000732421875,200.55999755859375,197.07003784179688,15925400.0
2024-06-26,,,,,,,,,,,,,,,,,,,199.3300018310547,200.5800018310547,198.80999755859375,200.02999877929688,196.5492706298828,19313500.0
2024-06-27,,,,,,,,,,,,,,,,,,,200.6300048828125,202.14999389648438,199.9600067138672,202.05999755859375,198.54393005371094,17432600.0
2024-06-28,,,,,,,,,,,,,,,,,,,203.8800048828125,204.63999938964844,201.32000732421875,202.88999938964844,199.35951232910156,35026000.0
2024-07-01,,,,,,,,,,,,,,,,,,,203.52000427246094,203.82000732421875,200.47999572753906,201.19000244140625,197.68907165527344,21886200.0
2024-07-02,,,,,,,,,,,,,,,,,,,201.52000427246094,202.27000427246094,200.89999389648438,201.8800048828125,198.3670654296875,17219100.0
2024-07-03,,,,,,,,,,,,,,,,,,,202.25,203.27999877929688,201.6300048828125,201.8300018310547,198.3179473876953,15167200.0
2024-07-05,,,,,,,,,,,,,,,,,,,201.2100067138672,201.6300048828125,199.8800048828125,200.8699951171875,197.3746337890625,17282500.0
2024-07-08,,,,,,,,,,,,,,,,,,,202.50999450683594,203.6999969482422,201.83999633789062,202.27999877929688,198.7601318359375,20823800.0
2024-07-09,,,,,,,,,,,,,,,,,,,201.9199981689453,202.52000427246094,200.52999877929688,201.39999389648438,197.8954315185547,17864200.0
2024-07-10,,,,,,,,,,,,,,,,,,,202.2899932861328,203.58999633789062,201.49000549316406,203.3699951171875,199.8311309814453,19286100.0
2024-07-11,,,,,,,,,,,,,,,,,,,207.89999389648438,211.22999572753906,206.94000244140625,210.67999267578125,207.01394653320312,65443600.0
2024-07-12,,,,,,,,,,,,,,,,,,,212.9199981689453,214.94000244140625,212.66000366210938,213.13999938964844,209.43113708496094,50810700.0
2024-07-15,,,,,,,,,,,,,,,,,,,214.7899932861328,218.24000549316406,214.3000030517578,217.19000244140625,213.41065979003906,48925300.0
2024-07-16,,,,,,,,,,,,,,,,,,,219.13999938964844,224.86000061035156,219.02000427246094,224.60000610351562,220.6917266845703,67945700.0
2024-07-17,,,,,,,,,,,,,,,,,,,222.36000061035156,226.63999938964844,221.66000366210938,222.25,218.3826141357422,66092100.0
2024-07-18,,,,,,,,,,,,,,,,,,,221.41000366210938,224.77999877929688,216.97999572753906,217.9499969482422,214.1574249267578,53180000.0
2024-07-19,,,,,,,,,,,,,,,,,,,217.6300048828125,218.64999389648438,215.85000610351562,216.83999633789062,213.06674194335938,37933500.0
2024-07-22,,,,,,,,,,,,,,,,,,,217.67999267578125,220.64999389648438,215.3800048828125,220.2899932861328,216.45672607421875,36185900.0
2024-07-23,,,,,,,,,,,,,,,,,,,219.2100067138672,223.75,219.0399932861328,222.6300048828125,218.75601196289062,44884600.0
2024-07-24,,,,,,,,,,,,,,,,,,,221.07000732421875,223.86000061035156,217.72000122070312,217.85000610351562,214.05918884277344,42443000.0
2024-07-25,,,,,,,,,,,,,,,,,,,218.4499969482422,224.02000427246094,218.1999969482422,220.57000732421875,216.73187255859375,45053100.0
2024-07-26,,,,,,,,,,,,,,,,,,,223.89999389648438,225.38999938964844,221.6999969482422,224.22000122070312,220.31832885742188,40822600.0
2024-07-29,,,,,,,,,,,,,,,,,,,224.7100067138672,225.4199981689453,220.77000427246094,221.72999572753906,217.8716583251953,33869700.0
2024-07-30,,,,,,,,,,,,,,,,,,,222.72000122070312,224.4600067138672,221.11000061035156,222.57000732421875,218.69705200195312,26876800.0
2024-07-31,,,,,,,,,,,,,,,,,,,223.7100067138672,228.6300048828125,221.97999572753906,223.86000061035156,219.96461486816406,52387700.0
2024-08-01,,,,,,,,,,,,,,,,,,,223.77000427246094,224.88999938964844,215.05999755859375,216.5800018310547,212.81126403808594,71508100.0
2024-08-02,,,,,,,,,,,,,,,,,,,208.85000610351562,211.19000244140625,206.99000549316406,208.9199981689453,205.28457641601562,66850200.0
2024-08-05,,,,,,,,,,,,,,,,,,,197.89999389648438,204.74000549316406,196.6999969482422,202.1999969482422,198.68148803710938,65683100.0
2024-08-06,,,,,,,,,,,,,,,,,,,203.00999450683594,207.25,201.1999969482422,204.39999389648438,200.84320068359375,37072500.0
2024-08-07,,,,,,,,,,,,,,,,,,,207.85000610351562,207.9600067138672,201.55999755859375,201.97999572753906,198.46533203125,30594500.0
2024-08-08,,,,,,,,,,,,,,,,,,,204.4199981689453,207.0,203.1699981689453,206.88999938964844,203.28988647460938,26550300.0
2024-08-09,,,,,,,,,,,,,,,,,,,207.0500030517578,207.1199951171875,204.94000244140625,206.4600067138672,202.86740112304688,20954500.0
2024-08-12,,,,,,,,,,,,,,,,,,,206.61000061035156,206.97999572753906,203.82000732421875,204.60000610351562,201.0397491455078,20357900.0
2024-08-13,,,,,,,,,,,,,,,,,,,206.08999633789062,208.3800048828125,204.86000061035156,207.97000122070312,204.35108947753906,25458300.0
2024-08-14,,,,,,,,,,,,,,,,,,,208.6300048828125,208.75,205.74000549316406,206.67999267578125,203.08355712890625,25345600.0
2024-08-15,,,,,,,,,,,,,,,,,,,211.25999450683594,213.10000610351562,209.91000366210938,212.0399932861328,208.3502655029297,42561600.0
2024-08-16,,,,,,,,,,,,,,,,,,,211.3699951171875,213.97999572753906,211.27999877929688,212.60000610351562,208.90052795410156,30427400.0
2024-08-19,,,,,,,,,,,,,,,,,,,212.9600067138672,215.2100067138672,212.82000732421875,215.1999969482422,211.45529174804688,17246200.0
2024-08-20,,,,,,,,,,,,,,,,,,,214.88999938964844,214.9499969482422,212.0500030517578,212.69000244140625,208.9889678955078,21703900.0
2024-08-21,,,,,,,,,,,,,,,,,,,214.27999877929688,215.66000366210938,212.82000732421875,215.4600067138672,211.71078491210938,19623100.0
2024-08-22,,,,,,,,,,,,,,,,,,,215.57000732421875,216.3699951171875,213.1300048828125,213.55999755859375,209.84384155273438,18084300.0
2024-08-23,,,,,,,,,,,,,,,,,,,215.17999267578125,221.0800018310547,214.7899932861328,220.3800048828125,216.545166015625,40003100.0
2024-08-26,,,,,,,,,,,,,,,,,,,221.92999267578125,222.4499969482422,220.0800018310547,220.4499969482422,216.6139373779297,24865500.0
2024-08-27,,,,,,,,,,,,,,,,,,,218.91000366210938,219.3699951171875,217.7100067138672,218.74000549316406,214.93368530273438,19577900.0
2024-08-28,,,,,,,,,,,,,,,,,,,217.8699951171875,219.1199951171875,216.27000427246094,217.25999450683594,213.47943115234375,19685000.0
2024-08-29,,,,,,,,,,,,,,,,,,,218.77999877929688,220.97999572753906,217.14999389648438,218.80999755859375,215.0024871826172,24599500.0
2024-08-30,,,,,,,,,,,,,,,,,,,219.7100067138672,220.5,217.39999389648438,220.0800018310547,216.2503662109375,23010500.0
2024-09-03,,,,,,,,,,,,,,,,,,,218.1300048828125,219.3699951171875,212.91000366210938,213.35000610351562,209.63748168945312,31338500.0
2024-09-04,,,,,,,,,,,,,,,,,,,212.75999450683594,215.3699951171875,211.6999969482422,212.99000549316406,209.28375244140625,23706300.0
2024-09-05,,,,,,,,,,,,,,,,,,,213.5399932861328,214.02999877929688,210.9199981689453,211.92999267578125,208.24220275878906,23910500.0
2024-09-06,,,,,,,,,,,,,,,,,,,211.92999267578125,213.19000244140625,207.13999938964844,207.89999389648438,204.28231811523438,34561300.0
2024-09-09,,,,,,,,,,,,,,,,,,,208.14999389648438,210.25999450683594,207.52000427246094,208.47999572753906,204.8522186279297,23584100.0
2024-09-10,,,,,,,,,,,,,,,,,,,208.72000122070312,208.86000061035156,205.7899932861328,208.30999755859375,204.68519592285156,23025700.0
2024-09-11,,,,,,,,,,,,,,,,,,,207.47000122070312,209.25,204.2100067138672,208.9199981689453,205.28457641601562,27175600.0
2024-09-12,,,,,,,,,,,,,,,,,,,209.91000366210938,212.77999877929688,208.41000366210938,211.61000061035156,207.92776489257812,27611700.0
2024-09-13,,,,,,,,,,,,,,,,,,,214.02999877929688,217.25,213.94000244140625,216.8300018310547,213.0569305419922,37388100.0
2024-09-16,,,,,,,,,,,,,,,,,,,217.6300048828125,218.2899932861328,216.13999938964844,217.61000061035156,213.82334899902344,23289000.0
2024-09-17,,,,,,,,,,,,,,,,,,,219.5800018310547,221.8000030517578,218.47000122070312,219.41000366210938,215.59202575683594,35563500.0
2024-09-18,,,,,,,,,,,,,,,,,,,219.22999572753906,224.94000244140625,218.25,219.4499969482422,215.63133239746094,54085200.0
2024-09-19,,,,,,,,,,,,,,,,,,,224.66000366210938,224.67999267578125,221.5,223.97000122070312,220.0726776123047,35369500.0
2024-09-20,,,,,,,,,,,,,,,,,,,223.4499969482422,223.4600067138672,221.2899932861328,221.57000732421875,217.7144317626953,34587500.0
2024-09-23,,,,,,,,,,,,,,,,,,,222.69000244140625,223.11000061035156,220.02000427246094,220.75999450683594,216.9185333251953,20157700.0
2024-09-24,,,,,,,,,,,,,,,,,,,221.6300048828125,221.92999267578125,219.5,221.1300048828125,217.28211975097656,20939800.0
2024-09-25,,,,,,,,,,,,,,,,,,,220.32000732421875,220.61000061035156,217.5399932861328,217.69000244140625,214.63185119628906,23242300.0
2024-09-26,,,,,,,,,,,,,,,,,,,220.49000549316406,221.1300048828125,218.3800048828125,218.85000610351562,215.77557373046875,24974700.0
2024-09-27,,,,,,,,,,,,,,,,,,,220.86000061035156,222.60000610351562,219.52999877929688,220.3300018310547,217.2347869873047,23959600.0
2024-09-30,,,,,,,,,,,,,,,,,,,219.4199981689453,221.58999633789062,218.5800018310547,220.88999938964844,217.7869110107422,21938200.0
2024-10-01,,,,,,,,,,,,,,,,,,,220.1699981689453,220.33999633789062,216.3000030517578,217.88999938964844,214.82904052734375,30016000.0
2024-10-02,,,,,,,,,,,,,,,,,,,216.99000549316406,218.75,216.2100067138672,217.58999633789062,214.5332794189453,14455400.0
2024-10-03,,,,,,,,,,,,,,,,,,,216.22999572753906,217.22999572753906,215.0800018310547,216.1300048828125,213.0937957763672,21353000.0
2024-10-04,,,,,,,,,,,,,,,,,,,219.2899932861328,219.97999572753906,217.2899932861328,219.14999389648438,216.07135009765625,27901500.0
2024-10-07,,,,,,,,,,,,,,,,,,,218.63999938964844,218.66000366210938,215.8699951171875,217.42999267578125,214.37551879882812,14891800.0
2024-10-08,,,,,,,,,,,,,,,,,,,217.6300048828125,218.3699951171875,216.6999969482422,217.5800018310547,214.52342224121094,18118600.0
2024-10-09,,,,,,,,,,,,,,,,,,,217.52999877929688,219.61000061035156,216.9199981689453,218.05999755859375,214.99667358398438,18230700.0
2024-10-10,,,,,,,,,,,,,,,,,,,215.89999389648438,216.8800048828125,214.60000610351562,216.85000610351562,213.80368041992188,24571400.0
2024-10-11,,,,,,,,,,,,,,,,,,,216.77000427246094,221.61000061035156,216.7100067138672,221.25999450683594,218.15171813964844,19950900.0
2024-10-14,,,,,,,,,,,,,,,,,,,221.4499969482422,223.11000061035156,220.42999267578125,222.88999938964844,219.75880432128906,19263300.0
2024-10-15,,,,,,,,,,,,,,,,,,,222.57000732421875,225.5,221.97999572753906,223.07000732421875,219.93629455566406,25998800.0
2024-10-16,,,,,,,,,,,,,,,,,,,224.88999938964844,227.1699981689453,224.38999938964844,226.74000549316406,223.55474853515625,27656700.0
2024-10-17,,,,,,,,,,,,,,,,,,,226.91000366210938,226.9600067138672,224.91000366210938,226.1199951171875,222.94345092773438,18003600.0
2024-10-18,,,,,,,,,,,,,,,,,,,226.66000366210938,227.02999877929688,225.38999938964844,225.64999389648438,222.48004150390625,20047400.0
2024-10-21,,,,,,,,,,,,,,,,,,,225.6300048828125,225.69000244140625,221.52999877929688,222.10000610351562,218.97991943359375,24243800.0
2024-10-22,,,,,,,,,,,,,,,,,,,221.47000122070312,221.8300018310547,220.3000030517578,221.25999450683594,218.15171813964844,15813900.0
2024-10-23,,,,,,,,,,,,,,,,,,,220.02999877929688,220.8000030517578,217.3699951171875,219.24000549316406,216.16012573242188,23263500.0
2024-10-24,,,,,,,,,,,,,,,,,,,220.42999267578125,221.0399932861328,218.52999877929688,219.72000122070312,216.63336181640625,18381900.0
2024-10-25,,,,,,,,,,,,,,,,,,,221.30999755859375,221.97000122070312,218.52000427246094,218.88999938964844,215.8149871826172,23807800.0
2024-10-28,,,,,,,,,,,,,,,,,,,220.7899932861328,222.97000122070312,220.47999572753906,222.4600067138672,219.33486938476562,19877700.0
2024-10-29,,,,,,,,,,,,,,,,,,,220.74000549316406,221.89999389648438,219.97000122070312,221.74000549316406,218.62496948242188,20282200.0
2024-10-30,,,,,,,,,,,,,,,,,,,221.07000732421875,224.47999572753906,220.89999389648438,221.44000244140625,218.32920837402344,19754800.0
2024-10-31,,,,,,,,,,,,,,,,,,,221.22000122070312,221.77000427246094,217.6300048828125,217.75999450683594,214.7008819580078,24078400.0
2024-11-01,,,,,,,,,,,,,,,,,,,219.5,220.97000122070312,218.33999633789062,218.97999572753906,215.90374755859375,21222200.0
2024-11-04,,,,,,,,,,,,,,,,,,,218.5,221.74000549316406,217.83999633789062,220.08999633789062,216.99813842773438,20463700.0
2024-11-05,,,,,,,,,,,,,,,,,,,219.33999633789062,224.2899932861328,219.05999755859375,224.22999572753906,221.0800018310547,26404600.0
2024-11-06,,,,,,,,,,,,,,,,,,,236.58999633789062,237.5800018310547,232.75,237.22000122070312,233.88751220703125,75554600.0
2024-11-07,,,,,,,,,,,,,,,,,,,236.88999938964844,238.49000549316406,235.39999389648438,236.3800048828125,233.05931091308594,34970300.0
2024-11-08,,,,,,,,,,,,,,,,,,,235.92999267578125,238.47000122070312,235.64999389648438,238.1199951171875,234.7748565673828,26597800.0
2024-11-11,,,,,,,,,,,,,,,,,,,240.52000427246094,242.38999938964844,239.85000610351562,241.6999969482422,238.30458068847656,29207700.0
2024-11-12,,,,,,,,,,,,,,,,,,,239.9600067138672,241.7899932861328,236.55999755859375,237.4600067138672,234.12416076660156,35314300.0
2024-11-13,,,,,,,,,,,,,,,,,,,238.9499969482422,239.8800048828125,234.8300018310547,235.11000061035156,231.8071746826172,25947700.0
2024-11-14,,,,,,,,,,,,,,,,,,,235.9499969482422,236.42999267578125,231.2100067138672,231.94000244140625,228.68167114257812,29272100.0
2024-11-15,,,,,,,,,,,,,,,,,,,232.22000122070312,232.2899932861328,227.80999755859375,228.47999572753906,225.27029418945312,37930000.0
2024-11-18,,,,,,,,,,,,,,,,,,,229.22000122070312,230.60000610351562,228.1300048828125,228.92999267578125,225.71395874023438,29368500.0
2024-11-19,,,,,,,,,,,,,,,,,,,226.58999633789062,230.82000732421875,226.39999389648438,230.6300048828125,227.3900909423828,26009400.0
2024-11-20,,,,,,,,,,,,,,,,,,,230.22999572753906,230.92999267578125,228.0399932861328,230.92999267578125,227.6858673095703,24222700.0
2024-11-21,,,,,,,,,,,,,,,,,,,232.16000366210938,235.57000732421875,231.11000061035156,234.44000244140625,231.14657592773438,28679400.0
2024-11-22,,,,,,,,,,,,,,,,,,,235.63999938964844,239.24000549316406,235.3300018310547,238.77000427246094,235.41574096679688,22693100.0
2024-11-25,,,,,,,,,,,,,,,,,,,241.49000549316406,244.97999572753906,241.38999938964844,242.39999389648438,238.9947509765625,33534000.0
2024-11-26,,,,,,,,,,,,,,,,,,,241.17999267578125,241.61000061035156,239.42999267578125,240.6199951171875,237.23976135253906,22581400.0
2024-11-27,,,,,,,,,,,,,,,,,,,242.00999450683594,243.69000244140625,240.44000244140625,240.9499969482422,237.5651092529297,19472800.0
2024-11-29,,,,,,,,,,,,,,,,,,,242.3699951171875,243.47999572753906,241.5399932861328,241.8699951171875,238.47216796875,16782700.0
2024-12-02,,,,,,,,,,,,,,,,,,,242.24000549316406,242.66000366210938,240.00999450683594,241.75,238.35386657714844,25274800.0
2024-12-03,,,,,,,,,,,,,,,,,,,241.5399932861328,242.13999938964844,239.3699951171875,240.02999877929688,236.6580352783203,21376700.0
2024-12-04,,,,,,,,,,,,,,,,,,,240.27999877929688,241.6699981689453,239.2100067138672,240.88999938964844,237.5059814453125,19903000.0
2024-12-05,,,,,,,,,,,,,,,,,,,240.52000427246094,240.86000061035156,237.74000549316406,238.0800018310547,234.7354278564453,20227000.0
2024-12-06,,,,,,,,,,,,,,,,,,,239.7899932861328,239.88999938964844,238.3800048828125,238.92999267578125,235.57350158691406,20760900.0
2024-12-09,,,,,,,,,,,,,,,,,,,240.5500030517578,241.3800048828125,237.64999389648438,237.72999572753906,234.39036560058594,16684300.0
2024-12-10,,,,,,,,,,,,,,,,,,,237.5800018310547,238.82000732421875,235.9199981689453,236.6999969482422,233.37481689453125,19946500.0
2024-12-11,,,,,,,,,,,,,,,,,,,238.7100067138672,239.2899932861328,236.8300018310547,237.77000427246094,234.4298095703125,23156900.0
2024-12-12,,,,,,,,,,,,,,,,,,,237.16000366210938,237.64999389648438,234.35000610351562,234.67999267578125,231.38319396972656,21454500.0
2024-12-13,,,,,,,,,,,,,,,,,,,234.3699951171875,234.86000061035156,231.8800048828125,233.07000732421875,229.79580688476562,23972900.0
2024-12-16,,,,,,,,,,,,,,,,,,,232.91000366210938,235.6300048828125,232.35000610351562,234.44000244140625,231.14657592773438,32293500.0
2024-12-17,,,,,,,,,,,,,,,,,,,232.6699981689453,233.44000244140625,230.5500030517578,231.07000732421875,228.50033569335938,33064300.0
2024-12-18,,,,,,,,,,,,,,,,,,,232.24000549316406,233.0800018310547,218.9199981689453,220.83999633789062,218.38409423828125,52267500.0
2024-12-19,,,,,,,,,,,,,,,,,,,223.25,224.42999267578125,219.3300018310547,219.86000061035156,217.4149932861328,51871700.0
2024-12-20,,,,,,,,,,,,,,,,,,,218.60000610351562,224.66000366210938,218.07000732421875,221.9199981689453,219.4521026611328,53882200.0
2024-12-23,,,,,,,,,,,,,,,,,,,221.74000549316406,222.39999389648438,219.3800048828125,221.41000366210938,218.94775390625,29606800.0
2024-12-24,,,,,,,,,,,,,,,,,,,222.02000427246094,223.6300048828125,220.47999572753906,223.38999938964844,220.90574645996094,13399600.0
2024-12-26,,,,,,,,,,,,,,,,,,,222.4199981689453,226.13999938964844,221.47000122070312,225.67999267578125,223.17025756835938,20024800.0
2024-12-27,,,,,,,,,,,,,,,,,,,224.2899932861328,225.44000244140625,220.1999969482422,222.38999938964844,219.91685485839844,26956000.0
2024-12-30,,,,,,,,,,,,,,,,,,,220.6699981689453,221.80999755859375,217.85000610351562,220.67999267578125,218.22586059570312,25706100.0
2024-12-31,,,,,,,,,,,,,,,,,,,222.1199951171875,223.27999877929688,220.14999389648438,220.9600067138672,218.5027618408203,26208300.0
2025-01-02,,,,,,,,,,,,,,,,,,,222.92999267578125,224.3699951171875,219.60000610351562,221.13999938964844,218.68077087402344,29363000.0
2025-01-03,,,,,,,,,,,,,,,,,,,222.07000732421875,224.82000732421875,221.3800048828125,224.42999267578125,221.93417358398438,24525300.0
2025-01-06,,,,,,,,,,,,,,,,,,,225.75999450683594,227.1699981689453,224.13999938964844,224.52000427246094,222.02316284179688,23541900.0
2025-01-07,,,,,,,,,,,,,,,,,,,225.5800018310547,226.52000427246094,221.3800048828125,222.72000122070312,220.24317932128906,28835200.0
2025-01-08,,,,,,,,,,,,,,,,,,,220.89999389648438,222.30999755859375,219.00999450683594,221.7100067138672,219.2444305419922,26795900.0
2025-01-10,,,,,,,,,,,,,,,,,,,218.30999755859375,218.7100067138672,215.30999755859375,216.8300018310547,214.418701171875,37379400.0
2025-01-13,,,,,,,,,,,,,,,,,,,214.5,217.52000427246094,213.97000122070312,217.25,214.8340301513672,28603800.0
2025-01-14,,,,,,,,,,,,,,,,,,,219.17999267578125,220.22999572753906,217.22000122070312,219.72000122070312,217.2765655517578,25447500.0
2025-01-15,,,,,,,,,,,,,,,,,,,225.44000244140625,225.5800018310547,223.0,224.0399932861328,221.54849243164062,30124700.0
2025-01-16,,,,,,,,,,,,,,,,,,,224.14999389648438,225.22999572753906,222.7100067138672,224.49000549316406,221.99351501464844,21029800.0
2025-01-17,,,,,,,,,,,,,,,,,,,226.92999267578125,226.97000122070312,224.6699981689453,225.4600067138672,222.95272827148438,26754900.0
2025-01-21,,,,,,,,,,,,,,,,,,,227.52000427246094,229.88999938964844,226.99000549316406,229.7899932861328,227.23455810546875,26086300.0
2025-01-22,,,,,,,,,,,,,,,,,,,229.35000610351562,229.85000610351562,227.8300018310547,228.2899932861328,225.75123596191406,21307300.0
2025-01-23,,,,,,,,,,,,,,,,,,,226.92999267578125,229.35000610351562,226.5500030517578,229.3300018310547,226.77969360351562,20850700.0
2025-01-24,,,,,,,,,,,,,,,,,,,228.82000732421875,230.22999572753906,228.0399932861328,228.69000244140625,226.1468048095703,19074500.0
2025-01-27,,,,,,,,,,,,,,,,,,,226.7100067138672,229.6199951171875,225.2100067138672,226.5,223.98117065429688,27461700.0
2025-01-28,,,,,,,,,,,,,,,,,,,226.74000549316406,227.55999755859375,225.17999267578125,226.75,224.22836303710938,16847400.0
2025-01-29,,,,,,,,,,,,,,,,,,,226.67999267578125,228.22000122070312,224.5800018310547,226.22999572753906,223.71417236328125,20280500.0
2025-01-30,,,,,,,,,,,,,,,,,,,228.52000427246094,230.0500030517578,226.9199981689453,228.52999877929688,225.98858642578125,25575100.0
2025-01-31,,,,,,,,,,,,,,,,,,,228.75,230.32000732421875,225.5399932861328,226.47999572753906,223.96136474609375,35330700.0
2025-02-03,,,,,,,,,,,,,,,,,,,221.50999450683594,225.5500030517578,220.6699981689453,223.8300018310547,221.34085083007812,34023300.0
2025-02-04,,,,,,,,,,,,,,,,,,,223.60000610351562,227.1300048828125,223.2100067138672,226.92999267578125,224.40635681152344,17985500.0
2025-02-05,,,,,,,,,,,,,,,,,,,228.05999755859375,229.5,226.88999938964844,229.39999389648438,226.84889221191406,15197300.0
2025-02-06,,,,,,,,,,,,,,,,,,,230.50999450683594,230.6999969482422,227.3000030517578,228.64999389648438,226.10723876953125,18809400.0
2025-02-07,,,,,,,,,,,,,,,,,,,228.85000610351562,229.25,225.5800018310547,226.0,223.48670959472656,28914400.0
2025-02-10,,,,,,,,,,,,,,,,,,,227.3699951171875,227.52000427246094,225.86000061035156,227.02000427246094,224.49539184570312,14574700.0
2025-02-11,,,,,,,,,,,,,,,,,,,225.0500030517578,226.4199981689453,224.80999755859375,225.6999969482422,223.19004821777344,18215700.0
2025-02-12,,,,,,,,,,,,,,,,,,,222.25999450683594,224.47999572753906,221.7899932861328,223.6199951171875,221.13316345214844,25572800.0
2025-02-13,,,,,,,,,,,,,,,,,,,225.0399932861328,226.33999633789062,223.75,226.13999938964844,223.62515258789062,21419400.0
2025-02-14,,,,,,,,,,,,,,,,,,,227.27000427246094,227.97999572753906,225.61000061035156,225.97000122070312,223.45706176757812,13574500.0
2025-02-18,,,,,,,,,,,,,,,,,,,226.14999389648438,227.6699981689453,225.50999450683594,227.2100067138672,224.68325805664062,15166500.0
2025-02-19,,,,,,,,,,,,,,,,,,,225.41000366210938,227.14999389648438,225.0800018310547,226.42999267578125,223.9119415283203,16194800.0
2025-02-20,,,,,,,,,,,,,,,,,,,226.00999450683594,226.19000244140625,223.00999450683594,224.25999450683594,221.7660369873047,18507700.0
2025-02-21,,,,,,,,,,,,,,,,,,,226.0,226.36000061035156,217.4600067138672,217.8000030517578,215.37791442871094,45036900.0
2025-02-24,,,,,,,,,,,,,,,,,,,218.7899932861328,218.7899932861328,215.14999389648438,216.22999572753906,213.8253631591797,30246200.0
2025-02-25,,,,,,,,,,,,,,,,,,,216.3699951171875,217.27000427246094,213.49000549316406,215.41000366210938,213.01449584960938,33665100.0
2025-02-26,,,,,,,,,,,,,,,,,,,216.05999755859375,218.41000366210938,214.83999633789062,215.67999267578125,213.28146362304688,25464200.0
2025-02-27,,,,,,,,,,,,,,,,,,,215.63999938964844,216.49000549316406,212.22000122070312,212.38999938964844,210.02806091308594,29378500.0
2025-02-28,,,,,,,,,,,,,,,,,,,211.63999938964844,214.66000366210938,210.9600067138672,214.64999389648438,212.26292419433594,32015400.0
2025-03-03,,,,,,,,,,,,,,,,,,,215.39999389648438,215.9600067138672,207.4199981689453,208.77999877929688,206.45822143554688,36330000.0
2025-03-04,,,,,,,,,,,,,,,,,,,205.92999267578125,209.77000427246094,203.19000244140625,206.4199981689453,204.12445068359375,56427100.0
2025-03-05,,,,,,,,,,,,,,,,,,,206.4499969482422,208.83999633789062,204.82000732421875,208.47000122070312,206.15167236328125,35778500.0
2025-03-06,,,,,,,,,,,,,,,,,,,205.77999877929688,208.1199951171875,203.89999389648438,205.27999877929688,202.99713134765625,39206300.0
2025-03-07,,,,,,,,,,,,,,,,,,,204.97000122070312,207.11000061035156,201.72999572753906,205.9499969482422,203.65968322753906,43514000.0
2025-03-10,,,,,,,,,,,,,,,,,,,203.44000244140625,204.74000549316406,198.75,200.77000427246094,198.5372772216797,39442800.0
2025-03-11,,,,,,,,,,,,,,,,,,,201.1199951171875,203.22000122070312,198.52999877929688,200.75,198.51751708984375,51509700.0
2025-03-12,,,,,,,,,,,,,,,,,,,203.0500030517578,203.75,199.5500030517578,201.10000610351562,198.86361694335938,36881700.0
2025-03-13,,,,,,,,,,,,,,,,,,,201.27000427246094,202.02999877929688,197.0,198.10000610351562,195.89698791503906,31336900.0
2025-03-14,,,,,,,,,,,,,,,,,,,200.24000549316406,203.07000732421875,199.33999633789062,202.88999938964844,200.6337127685547,34089400.0
2025-03-17,,,,,,,,,,,,,,,,,,,202.7100067138672,206.02000427246094,202.60000610351562,205.4499969482422,203.16525268554688,26947600.0
2025-03-18,,,,,,,,,,,,,,,,,,,203.85000610351562,203.9199981689453,202.35000610351562,203.2100067138672,201.40109252929688,22888000.0
2025-03-19,,,,,,,,,,,,,,,,,,,203.35000610351562,207.67999267578125,202.89999389648438,206.3699951171875,204.532958984375,31595600.0
2025-03-20,,,,,,,,,,,,,,,,,,,204.32000732421875,207.3000030517578,204.1999969482422,205.05999755859375,203.23463439941406,25665900.0
2025-03-21,,,,,,,,,,,,,,,,,,,202.72000122070312,204.4199981689453,201.75999450683594,203.7899932861328,201.97592163085938,39470200.0
2025-03-24,,,,,,,,,,,,,,,,,,,206.9600067138672,209.22999572753906,206.69000244140625,208.86000061035156,207.00079345703125,25774700.0
2025-03-25,,,,,,,,,,,,,,,,,,,208.69000244140625,209.27000427246094,207.08999633789062,207.6999969482422,205.8511199951172,17836900.0
2025-03-26,,,,,,,,,,,,,,,,,,,207.9600067138672,208.82000732421875,204.67999267578125,205.58999633789062,203.75991821289062,19344600.0
2025-03-27,,,,,,,,,,,,,,,,,,,205.3300018310547,206.35000610351562,203.75999450683594,204.61000061035156,202.78863525390625,23960000.0
2025-03-28,,,,,,,,,,,,,,,,,,,204.5399932861328,204.5800018310547,199.3800048828125,200.4499969482422,198.6656494140625,26656200.0
2025-03-31,,,,,,,,,,,,,,,,,,,197.47999572753906,200.63999938964844,195.49000549316406,199.49000549316406,197.71421813964844,32250800.0
2025-04-01,,,,,,,,,,,,,,,,,,,198.99000549316406,201.22999572753906,196.66000366210938,199.50999450683594,197.7340087890625,26054100.0
2025-04-02,,,,,,,,,,,,,,,,,,,196.77999877929688,203.3300018310547,196.5399932861328,202.66000366210938,200.85598754882812,36603000.0
2025-04-03,,,,,,,,,,,,,,,,,,,193.11000061035156,195.05999755859375,189.1999969482422,189.64999389648438,187.9617919921875,60551500.0
2025-04-04,,,,,,,,,,,,,,,,,,,182.61000061035156,184.0500030517578,176.6699981689453,181.19000244140625,179.57711791992188,92612800.0
2025-04-07,,,,,,,,,,,,,,,,,,,174.32000732421875,190.25,171.72999572753906,179.5500030517578,177.9517059326172,96706200.0
2025-04-08,,,,,,,,,,,,,,,,,,,185.69000244140625,185.9199981689453,172.33999633789062,174.82000732421875,173.26380920410156,61090600.0
2025-04-09,,,,,,,,,,,,,,,,,,,172.72000122070312,192.11000061035156,171.74000549316406,189.67999267578125,187.99151611328125,123015100.0
2025-04-10,,,,,,,,,,,,,,,,,,,184.52000427246094,185.47999572753906,176.97999572753906,181.7100067138672,180.0924835205078,67503000.0
2025-04-11,,,,,,,,,,,,,,,,,,,181.13999938964844,184.85000610351562,178.5800018310547,184.36000061035156,182.71888732910156,44954400.0
2025-04-14,,,,,,,,,,,,,,,,,,,187.80999755859375,187.97000122070312,183.0500030517578,186.52999877929688,184.86956787109375,35214600.0
2025-04-15,,,,,,,,,,,,,,,,,,,186.33999633789062,189.0500030517578,185.83999633789062,186.75999450683594,185.09751892089844,30715500.0
2025-04-16,,,,,,,,,,,,,,,,,,,185.6999969482422,186.72999572753906,182.55999755859375,184.97000122070312,183.32345581054688,35063300.0
2025-04-17,,,,,,,,,,,,,,,,,,,184.99000549316406,187.42999267578125,184.4600067138672,186.47999572753906,184.82000732421875,42359200.0
2025-04-21,,,,,,,,,,,,,,,,,,,185.0,185.2899932861328,180.77000427246094,182.74000549316406,181.11331176757812,26019000.0
2025-04-22,,,,,,,,,,,,,,,,,,,185.14999389648438,188.10000610351562,184.5500030517578,187.47000122070312,185.8011932373047,34477100.0
2025-04-23,,,,,,,,,,,,,,,,,,,192.9199981689453,195.50999450683594,189.83999633789062,190.25,188.5564727783203,44866100.0
2025-04-24,,,,,,,,,,,,,,,,,,,190.75999450683594,194.3699951171875,189.88999938964844,194.05999755859375,192.33253479003906,29820100.0
2025-04-25,,,,,,,,,,,,,,,,,,,192.72000122070312,194.25999450683594,191.5500030517578,194.1199951171875,192.3920135498047,25029000.0
2025-04-28,,,,,,,,,,,,,,,,,,,194.5,196.14999389648438,192.52999877929688,194.94000244140625,193.20469665527344,22482300.0
2025-04-29,,,,,,,,,,,,,,,,,,,194.47000122070312,196.86000061035156,193.00999450683594,196.08999633789062,194.34446716308594,20118200.0
2025-04-30,,,,,,,,,,,,,,,,,,,193.13999938964844,195.47999572753906,190.72000122070312,194.86000061035156,193.12542724609375,29046100.0
2025-05-01,,,,,,,,,,,,,,,,,,,195.7100067138672,197.6699981689453,193.74000549316406,196.07000732421875,194.3246612548828,33169700.0
2025-05-02,,,,,,,,,,,,,,,,,,,198.3300018310547,201.2100067138672,198.17999267578125,200.47999572753906,198.6953887939453,30201800.0
2025-05-05,,,,,,,,,,,,,,,,,,,198.57000732421875,200.5,198.0800018310547,198.94000244140625,197.16909790039062,20834200.0
2025-05-06,,,,,,,,,,,,,,,,,,,196.58999633789062,198.58999633789062,195.63999938964844,196.77000427246094,195.01841735839844,24642100.0
2025-05-07,,,,,,,,,,,,,,,,,,,198.10000610351562,198.55999755859375,196.0399932861328,197.4199981689453,195.66262817382812,23623300.0
2025-05-08,,,,,,,,,,,,,,,,,,,199.77000427246094,202.74000549316406,198.25999450683594,201.17999267578125,199.38916015625,32646300.0
2025-05-09,,,,,,,,,,,,,,,,,,,201.5399932861328,202.27999877929688,199.9600067138672,200.80999755859375,199.0224609375,17203000.0
2025-05-12,,,,,,,,,,,,,,,,,,,208.83999633789062,209.72999572753906,205.82000732421875,207.8699951171875,206.0196075439453,38207200.0
2025-05-13,,,,,,,,,,,,,,,,,,,208.92999267578125,209.61000061035156,207.9600067138672,208.6300048828125,206.77285766601562,28295800.0
2025-05-14,,,,,,,,,,,,,,,,,,,208.0399932861328,208.5399932861328,206.52999877929688,206.77999877929688,204.93931579589844,26316100.0
2025-05-15,,,,,,,,,,,,,,,,,,,206.5800018310547,208.19000244140625,205.38999938964844,208.1300048828125,206.27728271484375,21563700.0
2025-05-16,,,,,,,,,,,,,,,,,,,208.4199981689453,210.1300048828125,207.77999877929688,209.85000610351562,207.9819793701172,28906400.0
2025-05-19,,,,,,,,,,,,,,,,,,,206.8000030517578,209.08999633789062,206.25999450683594,208.97000122070312,207.1098175048828,25859600.0
2025-05-20,,,,,,,,,,,,,,,,,,,208.66000366210938,209.75999450683594,207.9600067138672,209.0800018310547,207.21884155273438,22053100.0
2025-05-21,,,,,,,,,,,,,,,,,,,206.6300048828125,207.61000061035156,202.83999633789062,203.2100067138672,201.40109252929688,36704400.0
2025-05-22,,,,,,,,,,,,,,,,,,,202.2899932861328,204.3699951171875,201.52999877929688,203.1999969482422,201.39117431640625,31831300.0
2025-05-23,,,,,,,,,,,,,,,,,,,199.77999877929688,203.25999450683594,199.64999389648438,202.55999755859375,200.7568817138672,29114600.0
2025-05-27,,,,,,,,,,,,,,,,,,,205.63999938964844,207.75,204.16000366210938,207.6999969482422,205.8511199951172,31655900.0
2025-05-28,,,,,,,,,,,,,,,,,,,207.7100067138672,208.02999877929688,205.1999969482422,205.50999450683594,203.6806182861328,26046700.0
2025-05-29,,,,,,,,,,,,,,,,,,,206.9499969482422,207.05999755859375,204.47000122070312,206.1199951171875,204.28517150878906,32749500.0
2025-05-30,,,,,,,,,,,,,,,,,,,205.13999938964844,206.25,203.5399932861328,205.07000732421875,203.24453735351562,37768900.0
2025-06-02,,,,,,,,,,,,,,,,,,,205.32000732421875,205.83999633789062,202.6699981689453,205.7100067138672,203.87884521484375,30334300.0
2025-06-03,,,,,,,,,,,,,,,,,,,206.4600067138672,209.61000061035156,205.5500030517578,209.02999877929688,207.16928100585938,37702200.0
2025-06-04,,,,,,,,,,,,,,,,,,,209.17999267578125,210.00999450683594,208.13999938964844,208.44000244140625,206.58453369140625,27225300.0
2025-06-05,,,,,,,,,,,,,,,,,,,208.6999969482422,209.8300018310547,207.0,208.52999877929688,206.6737518310547,35728700.0
2025-06-06,,,,,,,,,,,,,,,,,,,211.5,212.1300048828125,210.60000610351562,211.89999389648438,210.0137176513672,32144500.0
2025-06-09,,,,,,,,,,,,,,,,,,,213.8699951171875,214.27999877929688,212.5500030517578,213.36000061035156,211.4607391357422,33984400.0
2025-06-10,,,,,,,,,,,,,,,,,,,214.4600067138672,215.42999267578125,213.80999755859375,214.50999450683594,212.6005096435547,30182200.0
2025-06-11,,,,,,,,,,,,,,,,,,,215.5800018310547,215.92999267578125,213.3000030517578,213.6300048828125,211.7283477783203,31113400.0
2025-06-12,,,,,,,,,,,,,,,,,,,212.1699981689453,213.27000427246094,211.6300048828125,212.77999877929688,210.88589477539062,25367000.0
2025-06-13,,,,,,,,,,,,,,,,,,,209.83999633789062,211.44000244140625,208.22000122070312,208.88999938964844,207.03053283691406,60580000.0
2025-06-16,,,,,,,,,,,,,,,,,,,210.47999572753906,211.9499969482422,209.63999938964844,210.77000427246094,209.47140502929688,28974000.0
2025-06-17,,,,,,,,,,,,,,,,,,,209.05999755859375,210.4499969482422,208.3699951171875,208.5500030517578,207.26507568359375,32843200.0
2025-06-18,,,,,,,,,,,,,,,,,,,208.44000244140625,211.38999938964844,207.77999877929688,209.64999389648438,208.35829162597656,42850500.0
2025-06-20,,,,,,,,,,,,,,,,,,,211.11000061035156,211.25,208.4600067138672,209.2100067138672,207.9210205078125,36978100.0
2025-06-23,,,,,,,,,,,,,,,,,,,208.47999572753906,211.77999877929688,206.80999755859375,211.77000427246094,210.46524047851562,35516400.0
2025-06-24,,,,,,,,,,,,,,,,,,,213.2899932861328,214.92999267578125,212.36000061035156,214.47000122070312,213.1486053466797,31772500.0
2025-06-25,,,,,,,,,,,,,,,,,,,214.66000366210938,214.72999572753906,211.88999938964844,211.97000122070312,210.66400146484375,27725600.0
2025-06-26,,,,,,,,,,,,,,,,,,,212.8300018310547,215.5500030517578,212.6999969482422,215.41000366210938,214.08282470703125,26261200.0
2025-06-27,,,,,,,,,,,,,,,,,,,216.0500030517578,217.41000366210938,214.1300048828125,215.47999572753906,214.15237426757812,47717300.0
2025-06-30,,,,,,,,,,,,,,,,,,,216.67999267578125,216.7100067138672,215.38999938964844,215.7899932861328,214.46044921875,25558000.0
2025-07-01,,,,,,,,,,,,,,,,,,,214.6199951171875,220.52999877929688,214.14999389648438,218.00999450683594,216.66677856445312,43864800.0
2025-07-02,,,,,,,,,,,,,,,,,,,218.3699951171875,221.10000610351562,217.36000061035156,221.02999877929688,219.66818237304688,35735200.0
2025-07-03,,,,,,,,,,,,,,,,,,,222.00999450683594,223.3300018310547,221.77000427246094,223.0800018310547,221.70555114746094,23515700.0
2025-07-07,,,,,,,,,,,,,,,,,,,221.57000732421875,222.82000732421875,218.41000366210938,219.72999572753906,218.3761749267578,41551200.0
2025-07-08,,,,,,,,,,,,,,,,,,,220.5800018310547,222.2899932861328,220.3300018310547,221.25,219.88682556152344,36339300.0
2025-07-09,,,,,,,,,,,,,,,,,,,222.57000732421875,223.69000244140625,221.1199951171875,223.64999389648438,222.27203369140625,32425200.0
2025-07-10,,,,,,,,,,,,,,,,,,,223.38999938964844,226.0500030517578,222.86000061035156,224.8000030517578,223.4149627685547,33865900.0
2025-07-11,,,,,,,,,,,,,,,,,,,223.1699981689453,223.5399932861328,221.57000732421875,221.6999969482422,220.33404541015625,31579600.0
2025-07-14,,,,,,,,,,,,,,,,,,,221.3699951171875,223.33999633789062,221.05999755859375,223.19000244140625,221.81488037109375,24632200.0
2025-07-15,,,,,,,,,,,,,,,,,,,224.07000732421875,224.22999572753906,218.7899932861328,218.82000732421875,217.47181701660156,44215400.0
2025-07-16,,,,,,,,,,,,,,,,,,,220.22000122070312,221.3699951171875,216.91000366210938,221.02000427246094,219.6582489013672,48199800.0
2025-07-17,,,,,,,,,,,,,,,,,,,221.0800018310547,224.1999969482422,220.7100067138672,223.9199981689453,222.54037475585938,43548000.0
2025-07-18,,,,,,,,,,,,,,,,,,,225.2899932861328,225.36000061035156,221.97999572753906,222.3300018310547,220.96017456054688,49009900.0
2025-07-21,,,,,,,,,,,,,,,,,,,223.5399932861328,224.41000366210938,221.25,221.42999267578125,220.06570434570312,28191400.0
2025-07-22,,,,,,,,,,,,,,,,,,,221.6199951171875,223.80999755859375,220.66000366210938,223.27000427246094,221.89437866210938,30873300.0
2025-07-23,,,,,,,,,,,,,,,,,,,224.82000732421875,226.7100067138672,224.07000732421875,226.67999267578125,225.28335571289062,37478100.0
2025-07-24,,,,,,,,,,,,,,,,,,,225.52000427246094,225.85000610351562,223.47999572753906,223.5500030517578,222.17266845703125,29446700.0
2025-07-25,,,,,,,,,,,,,,,,,,,224.4199981689453,224.60000610351562,222.5399932861328,224.3800048828125,222.99754333496094,24555500.0
2025-07-28,,,,,,,,,,,,,,,,,,,225.32000732421875,225.44000244140625,223.42999267578125,224.1199951171875,222.7391357421875,24934900.0
2025-07-29,,,,,,,,,,,,,,,,,,,225.61000061035156,225.69000244140625,222.05999755859375,222.69000244140625,221.31796264648438,28685900.0
2025-07-30,,,,,,,,,,,,,,,,,,,223.66000366210938,224.92999267578125,220.1199951171875,221.55999755859375,220.19491577148438,48924400.0
2025-07-31,,,,,,,,,,,,,,,,,,,220.4600067138672,222.02000427246094,218.8800048828125,219.38999938964844,218.0382843017578,42913900.0
2025-08-01,,,,,,,,,,,,,,,,,,,216.22000122070312,216.55999755859375,212.33999633789062,214.9199981689453,213.5958251953125,63854100.0
2025-08-04,,,,,,,,,,,,,,,,,,,216.5500030517578,219.74000549316406,216.0800018310547,219.72999572753906,218.3761749267578,34989600.0
2025-08-05,,,,,,,,,,,,,,,,,,,220.55999755859375,221.25999450683594,218.24000549316406,220.85000610351562,219.48928833007812,31337100.0
2025-08-06,,,,,,,,,,,,,,,,,,,220.9499969482422,220.99000549316406,219.3800048828125,220.55999755859375,219.20108032226562,23142100.0
2025-08-07,,,,,,,,,,,,,,,,,,,222.75999450683594,222.83999633789062,218.50999450683594,219.83999633789062,218.48550415039062,37088000.0
2025-08-08,,,,,,,,,,,,,,,,,,,221.07000732421875,221.57000732421875,219.74000549316406,220.32000732421875,218.96255493164062,28318100.0
2025-08-11,,,,,,,,,,,,,,,,,,,220.77000427246094,221.67999267578125,219.80999755859375,220.27000427246094,218.91287231445312,25212800.0
2025-08-12,,,,,,,,,,,,,,,,,,,221.85000610351562,226.97999572753906,221.14999389648438,226.80999755859375,225.41256713867188,43815500.0
2025-08-13,,,,,,,,,,,,,,,,,,,228.25999450683594,231.4600067138672,227.8300018310547,231.22000122070312,229.79541015625,41705800.0
2025-08-14,,,,,,,,,,,,,,,,,,,228.44000244140625,228.8000030517578,226.1699981689453,228.24000549316406,226.83375549316406,55945500.0
2025-08-15,,,,,,,,,,,,,,,,,,,228.63999938964844,228.77999877929688,226.0399932861328,227.1300048828125,225.73060607910156,33571400.0
2025-08-18,,,,,,,,,,,,,,,,,,,227.2100067138672,228.4600067138672,226.94000244140625,227.9600067138672,226.5554962158203,20144100.0
2025-08-19,,,,,,,,,,,,,,,,,,,228.02000427246094,228.97999572753906,225.69000244140625,226.2100067138672,224.81626892089844,25000700.0
2025-08-20,,,,,,,,,,,,,,,,,,,225.92999267578125,226.3800048828125,223.69000244140625,225.41000366210938,224.0211944580078,29229700.0
2025-08-21,,,,,,,,,,,,,,,,,,,224.41000366210938,226.32000732421875,223.77999877929688,225.97000122070312,224.5777587890625,24539400.0
2025-08-22,,,,,,,,,,,,,,,,,,,227.3699951171875,235.4199981689453,227.17999267578125,234.8300018310547,233.38316345214844,58205500.0
2025-08-25,,,,,,,,,,,,,,,,,,,234.13999938964844,234.3000030517578,232.36000061035156,232.36000061035156,230.92837524414062,28453700.0
2025-08-26,,,,,,,,,,,,,,,,,,,232.8300018310547,234.8699951171875,232.58999633789062,234.27999877929688,232.83653259277344,25121500.0
2025-08-27,,,,,,,,,,,,,,,,,,,233.74000549316406,236.1199951171875,233.55999755859375,235.94000244140625,234.486328125,25395400.0
2025-08-28,,,,,,,,,,,,,,,,,,,236.9600067138672,236.97000122070312,235.35000610351562,236.22000122070312,234.7646026611328,25011200.0
2025-08-29,,,,,,,,,,,,,,,,,,,236.74000549316406,237.02000427246094,234.3699951171875,235.1699981689453,233.7210693359375,29254800.0
2025-09-02,,,,,,,,,,,,,,,,,,,231.99000549316406,234.39999389648438,231.47000122070312,233.89999389648438,232.45889282226562,33108600.0
2025-09-03,,,,,,,,,,,,,,,,,,,233.27000427246094,235.25999450683594,232.4600067138672,233.6699981689453,232.2303009033203,33252400.0
2025-09-04,,,,,,,,,,,,,,,,,,,234.22999572753906,236.6699981689453,233.5800018310547,236.58999633789062,235.13230895996094,30323800.0
2025-09-05,,,,,,,,,,,,,,,,,,,237.72000122070312,239.67999267578125,234.9499969482422,237.77000427246094,236.3050537109375,47542500.0
2025-09-08,,,,,,,,,,,,,,,,,,,238.50999450683594,238.55999755859375,236.38999938964844,238.25,236.78208923339844,31487700.0
2025-09-09,,,,,,,,,,,,,,,,,,,237.89999389648438,237.9600067138672,235.4199981689453,236.85000610351562,235.39073181152344,35395800.0
2025-09-10,,,,,,,,,,,,,,,,,,,237.30999755859375,238.27000427246094,235.4600067138672,236.42999267578125,234.97329711914062,33910200.0
2025-09-11,,,,,,,,,,,,,,,,,,,236.85000610351562,240.92999267578125,236.24000549316406,240.8000030517578,239.31637573242188,43629800.0
2025-09-12,,,,,,,,,,,,,,,,,,,240.1999969482422,240.32000732421875,238.1999969482422,238.33999633789062,236.87152099609375,46097600.0
2025-09-15,,,,,,,,,,,,,,,,,,,239.22999572753906,240.0399932861328,238.5500030517578,239.35000610351562,237.8753204345703,33014000.0
2025-09-16,,,,,,,,,,,,,,,,,,,238.4499969482422,238.92999267578125,236.75999450683594,238.27999877929688,237.48361206054688,37059300.0
2025-09-17,,,,,,,,,,,,,,,,,,,238.82000732421875,244.27999877929688,237.02000427246094,238.88999938964844,238.09158325195312,79955600.0
2025-09-18,,,,,,,,,,,,,,,,,,,240.8000030517578,245.14999389648438,240.1300048828125,244.83999633789062,244.0216827392578,49167700.0
2025-09-19,,,,,,,,,,,,,,,,,,,245.57000732421875,245.57000732421875,242.50999450683594,242.97999572753906,242.16790771484375,56092000.0
2025-09-22,,,,,,,,,,,,,,,,,,,242.24000549316406,244.7899932861328,241.11000061035156,244.38999938964844,243.5731964111328,53572900.0
2025-09-23,,,,,,,,,,,,,,,,,,,245.00999450683594,247.17999267578125,243.44000244140625,243.83999633789062,243.0250244140625,41854500.0
2025-09-24,,,,,,,,,,,,,,,,,,,243.89999389648438,244.61000061035156,241.55999755859375,241.60000610351562,240.7925262451172,36002200.0
2025-09-25,,,,,,,,,,,,,,,,,,,238.97999572753906,239.99000549316406,237.5500030517578,239.2899932861328,238.490234375,37209500.0
2025-09-26,,,,,,,,,,,,,,,,,,,239.6199951171875,241.67999267578125,239.3300018310547,241.33999633789062,240.53338623046875,28942800.0
2025-09-29,,,,,,,,,,,,,,,,,,,242.83999633789062,242.92999267578125,240.80999755859375,241.6199951171875,240.8124542236328,26391500.0
2025-09-30,,,,,,,,,,,,,,,,,,,241.11000061035156,242.1300048828125,239.39999389648438,241.9600067138672,241.1513214111328,33447700.0
2025-10-01,,,,,,,,,,,,,,,,,,,240.57000732421875,243.0399932861328,240.5500030517578,242.49000549316406,241.67955017089844,28520000.0
2025-10-02,,,,,,,,,,,,,,,,,,,243.0,244.08999633789062,241.47000122070312,244.02000427246094,243.20443725585938,28687400.0
2025-10-03,,,,,,,,,,,,,,,,,,,245.35000610351562,248.08999633789062,245.02999877929688,245.8300018310547,245.00839233398438,34579600.0
2025-10-06,,,,,,,,,,,,,,,,,,,247.72999572753906,248.47999572753906,246.07000732421875,246.80999755859375,245.985107421875,31507400.0
2025-10-07,,,,,,,,,,,,,,,,,,,247.36000061035156,247.63999938964844,243.19000244140625,244.16000366210938,243.34396362304688,31766600.0
2025-10-08,,,,,,,,,,,,,,,,,,,245.27999877929688,246.9600067138672,243.8000030517578,246.72000122070312,245.89541625976562,25825000.0
2025-10-09,,,,,,,,,,,,,,,,,,,246.30999755859375,247.25,244.00999450683594,245.1300048828125,244.31072998046875,26243100.0
2025-10-10,,,,,,,,,,,,,,,,,,,245.75,246.88999938964844,237.55999755859375,237.7899932861328,236.99525451660156,70569400.0
2025-10-13,,,,,,,,,,,,,,,,,,,241.8300018310547,244.6300048828125,241.39999389648438,244.41000366210938,243.5931396484375,36298600.0
2025-10-14,,,,,,,,,,,,,,,,,,,241.22999572753906,249.60000610351562,240.36000061035156,247.89999389648438,247.0714569091797,45320800.0
2025-10-15,,,,,,,,,,,,,,,,,,,250.36000061035156,252.77000427246094,247.05999755859375,250.3300018310547,249.49334716796875,45369000.0
2025-10-16,,,,,,,,,,,,,,,,,,,250.97000122070312,251.25999450683594,244.0,245.05999755859375,244.24095153808594,52740400.0
2025-10-17,,,,,,,,,,,,,,,,,,,243.32000732421875,245.16000366210938,241.47000122070312,243.41000366210938,242.5964813232422,55379500.0
2025-10-20,,,,,,,,,,,,,,,,,,,246.6199951171875,248.3300018310547,246.13999938964844,248.16000366210938,247.33059692382812,32545000.0
2025-10-21,,,,,,,,,,,,,,,,,,,247.42999267578125,248.3699951171875,245.50999450683594,246.99000549316406,246.16452026367188,26337900.0
2025-10-22,,,,,,,,,,,,,,,,,,,246.02999877929688,246.86000061035156,240.77000427246094,243.33999633789062,242.52670288085938,46578400.0
2025-10-23,,,,,,,,,,,,,,,,,,,244.2899932861328,247.1199951171875,243.67999267578125,246.4199981689453,245.59640502929688,28591000.0
2025-10-24,,,,,,,,,,,,,,,,,,,249.8000030517578,251.11000061035156,248.97000122070312,249.42999267578125,248.59634399414062,26627000.0
2025-10-27,,,,,,,,,,,,,,,,,,,251.77999877929688,252.2100067138672,249.5,250.3000030517578,249.46343994140625,31798100.0
2025-10-28,,,,,,,,,,,,,,,,,,,249.5500030517578,250.89999389648438,248.11000061035156,248.9600067138672,248.1279296875,28075900.0
2025-10-29,,,,,,,,,,,,,,,,,,,248.83999633789062,251.13999938964844,244.69000244140625,246.83999633789062,246.01499938964844,56235300.0
2025-10-30,,,,,,,,,,,,,,,,,,,245.27000427246094,248.13999938964844,244.6300048828125,244.85000610351562,244.0316619873047,44538700.0
2025-10-31,,,,,,,,,,,,,,,,,,,244.99000549316406,246.7899932861328,243.69000244140625,246.22999572753906,245.40704345703125,37214700.0
2025-11-03,,,,,,,,,,,,,,,,,,,246.1699981689453,246.25999450683594,242.49000549316406,245.44000244140625,244.61968994140625,28887900.0
2025-11-04,,,,,,,,,,,,,,,,,,,241.7899932861328,244.05999755859375,241.0,241.1999969482422,240.39385986328125,34468700.0
2025-11-05,,,,,,,,,,,,,,,,,,,241.9600067138672,245.72999572753906,241.63999938964844,244.67999267578125,243.86221313476562,38229200.0
2025-11-06,,,,,,,,,,,,,,,,,,,244.25999450683594,244.7899932861328,240.0,240.35000610351562,239.5467071533203,40601200.0
2025-11-07,,,,,,,,,,,,,,,,,,,238.41000366210938,241.66000366210938,236.27000427246094,241.61000061035156,240.802490234375,54978900.0
2025-11-10,,,,,,,,,,,,,,,,,,,245.00999450683594,245.24000549316406,242.25,244.02999877929688,243.2144012451172,31238000.0
2025-11-11,,,,,,,,,,,,,,,,,,,243.3699951171875,244.74000549316406,242.52000427246094,244.24000549316406,243.4237060546875,27357900.0
2025-11-12,,,,,,,,,,,,,,,,,,,244.83999633789062,246.3800048828125,243.3300018310547,243.63999938964844,242.82569885253906,34543200.0
2025-11-13,,,,,,,,,,,,,,,,,,,241.83999633789062,242.67999267578125,235.83999633789062,236.7899932861328,235.99859619140625,65710000.0
2025-11-14,,,,,,,,,,,,,,,,,,,233.33999633789062,238.72999572753906,233.27000427246094,237.47999572753906,236.68629455566406,58344400.0
2025-11-17,,,,,,,,,,,,,,,,,,,236.4600067138672,237.83999633789062,231.75999450683594,232.75999450683594,231.9820556640625,55765900.0
2025-11-18,,,,,,,,,,,,,,,,,,,231.30999755859375,235.0800018310547,230.9600067138672,233.47000122070312,232.689697265625,63092500.0
2025-11-19,,,,,,,,,,,,,,,,,,,233.8000030517578,236.3699951171875,232.42999267578125,233.42999267578125,232.6498260498047,57280500.0
2025-11-20,,,,,,,,,,,,,,,,,,,237.24000549316406,239.10000610351562,228.89999389648438,229.11000061035156,228.34426879882812,95483000.0
2025-11-21,,,,,,,,,,,,,,,,,,,229.9600067138672,237.11000061035156,229.5800018310547,235.60000610351562,234.8125762939453,99504100.0
2025-11-24,,,,,,,,,,,,,,,,,,,235.9600067138672,240.38999938964844,235.47999572753906,239.89999389648438,239.0981903076172,36135300.0
2025-11-25,,,,,,,,,,,,,,,,,,,240.74000549316406,245.5500030517578,240.0399932861328,245.1300048828125,244.31072998046875,46160800.0
2025-11-26,,,,,,,,,,,,,,,,,,,245.0500030517578,248.8300018310547,244.77000427246094,247.3000030517578,246.47348022460938,34636600.0
2025-11-28,,,,,,,,,,,,,,,,,,,248.00999450683594,248.80999755859375,247.07000732421875,248.75,247.9186248779297,18911800.0
2025-12-01,,,,,,,,,,,,,,,,,,,245.57000732421875,247.69000244140625,245.33999633789062,245.6199951171875,244.79908752441406,36920000.0
2025-12-02,,,,,,,,,,,,,,,,,,,247.3699951171875,247.3699951171875,245.1199951171875,245.1699981689453,244.3505859375,31918500.0
2025-12-03,,,,,,,,,,,,,,,,,,,245.97000122070312,249.83999633789062,245.47999572753906,249.6300048828125,248.79568481445312,32846300.0
2025-12-04,,,,,,,,,,,,,,,,,,,248.97000122070312,252.66000366210938,248.5399932861328,251.82000732421875,250.97837829589844,40245800.0
2025-12-05,,,,,,,,,,,,,,,,,,,251.49000549316406,252.66000366210938,250.27999877929688,250.77000427246094,249.931884765625,36956600.0
2025-12-08,,,,,,,,,,,,,,,,,,,252.6999969482422,252.77000427246094,250.17999267578125,250.8699951171875,250.0315399169922,29100000.0
2025-12-09,,,,,,,,,,,,,,,,,,,250.25,252.9499969482422,250.10000610351562,251.38999938964844,250.5498046875,30170100.0
2025-12-10,,,,,,,,,,,,,,,,,,,250.89999389648438,256.57000732421875,250.5399932861328,254.80999755859375,253.9583740234375,51105200.0
2025-12-11,,,,,,,,,,,,,,,,,,,254.63999938964844,258.010009765625,254.32000732421875,257.79998779296875,256.9383544921875,41345200.0
2025-12-12,,,,,,,,,,,,,,,,,,,257.95001220703125,258.20001220703125,253.44000244140625,253.85000610351562,253.0015869140625,57657700.0
2025-12-15,,,,,,,,,,,,,,,,,,,255.5500030517578,255.69000244140625,251.74000549316406,251.92999267578125,251.08798217773438,43120100.0
2025-12-16,,,,,,,,,,,,,,,,,,,250.33999633789062,252.16000366210938,248.47000122070312,249.89999389648438,249.89999389648438,43115300.0
2025-12-17,,,,,,,,,,,,,,,,,,,250.3699951171875,252.16000366210938,246.6999969482422,247.24000549316406,247.24000549316406,38132400.0
2025-12-18,,,,,,,,,,,,,,,,,,,250.17999267578125,251.36000061035156,248.2100067138672,248.7100067138672,248.7100067138672,39068000.0
2025-12-19,,,,,,,,,,,,,,,,,,,249.27999877929688,251.39999389648438,249.05999755859375,250.7899932861328,250.7899932861328,43610400.0
2025-12-22,,,,,,,,,,,,,,,,,,,252.27999877929688,255.1199951171875,252.1999969482422,253.5800018310547,253.5800018310547,40497300.0
2025-12-23,,,,,,,,,,,,,,,,,,,252.4199981689453,253.22000122070312,251.4600067138672,252.0800018310547,252.0800018310547,24973500.0
2025-12-24,,,,,,,,,,,,,,,,,,,251.97000122070312,252.86000061035156,251.1199951171875,252.7100067138672,252.7100067138672,12103000.0
2025-12-26,,,,,,,,,,,,,,,,,,,252.5800018310547,252.75,250.39999389648438,251.4199981689453,251.4199981689453,17429900.0
2025-12-29,,,,,,,,,,,,,,,,,,,250.25999450683594,251.5,249.35000610351562,249.8800048828125,249.8800048828125,25218800.0
2025-12-30,,,,,,,,,,,,,,,,,,,249.97000122070312,250.14999389648438,247.9499969482422,248.02999877929688,248.02999877929688,22123600.0
2025-12-31,,,,,,,,,,,,,,,,,,,248.17999267578125,248.27999877929688,246.00999450683594,246.16000366210938,246.16000366210938,35352000.0
2026-01-02,,,,,,,,,,,,,,,,,,,247.6300048828125,249.08999633789062,245.86000061035156,248.77999877929688,248.77999877929688,40007700.0
2026-01-05,,,,,,,,,,,,,,,,,,,249.7899932861328,253.5500030517578,249.57000732421875,252.72999572753906,252.72999572753906,37428100.0
2026-01-06,,,,,,,,,,,,,,,,,,,252.24000549316406,256.25,251.52000427246094,256.0799865722656,256.0799865722656,40677800.0
2026-01-07,,,,,,,,,,,,,,,,,,,256.3999938964844,256.79998779296875,253.97000122070312,255.47999572753906,255.47999572753906,33052000.0
2026-01-08,,,,,,,,,,,,,,,,,,,254.6999969482422,258.92999267578125,254.36000061035156,258.2699890136719,258.2699890136719,37823618.0
