Date,"('SPY', 'AdjClose')","('SPY', 'Close')","('SPY', 'High')","('SPY', 'Low')","('SPY', 'Open')","('SPY', 'Volume')",AdjClose,Close,High,Low,Open,SPY,SPY.1,SPY.2,SPY.3,SPY.4,SPY.5,Volume,"('SPY', 'Open').1","('SPY', 'High').1","('SPY', 'Low').1","('SPY', 'Close').1","('SPY', 'AdjClose').1","('SPY', 'Volume').1","('SPY', 'Open').2","('SPY', 'High').2","('SPY', 'Low').2","('SPY', 'Close').2","('SPY', 'AdjClose').2","('SPY', 'Volume').2","('SPY', 'Open')","('SPY', 'High')","('SPY', 'Low')","('SPY', 'Close')","('SPY', 'AdjClose')","('SPY', 'Volume')"
2024-01-02,,,,,,,,,,,,,,,,,,,,,,,,,,,,,,,472.1600036621094,473.6700134277344,470.489990234375,472.6499938964844,461.2474670410156,123623700.0
2024-01-03,,,,,,,,,,,,,,,,,,,,,,,,,,,,,,,470.42999267578125,471.19000244140625,468.1700134277344,468.7900085449219,457.4805908203125,103585900.0
2024-01-04,,,,,,,,,,,,,,,,,,,,,,,,,,,,,,,468.29998779296875,470.9599914550781,467.04998779296875,467.2799987792969,456.00701904296875,84232200.0
2024-01-05,,,,,,,,,,,,,,,,,,,,,,,,,,,,,,,467.489990234375,470.44000244140625,466.42999267578125,467.9200134277344,456.6315612792969,86118900.0
2024-01-08,,,,,,,,,,,,,,,,,,,,,,,,,,,,,,,468.42999267578125,474.75,468.29998779296875,474.6000061035156,463.15045166015625,74879100.0
2024-01-09,,,,,,,,,,,,,,,,,,,,,,,,,,,,,,,471.8699951171875,474.92999267578125,471.3500061035156,473.8800048828125,462.44781494140625,65931400.0
2024-01-10,,,,,,,,,,,,,,,,,,,,,,,,,,,,,,,474.1600036621094,477.45001220703125,473.8699951171875,476.55999755859375,465.0631408691406,67310600.0
2024-01-11,,,,,,,,,,,,,,,,,,,,,,,,,,,,,,,477.5899963378906,478.1199951171875,472.260009765625,476.3500061035156,464.85821533203125,77940700.0
2024-01-12,,,,,,,,,,,,,,,,,,,,,,,,,,,,,,,477.8399963378906,478.6000061035156,475.2300109863281,476.67999267578125,465.1802062988281,58026400.0
2024-01-16,,,,,,,,,,,,,,,,,,,,,,,,,,,,,,,475.260009765625,476.6099853515625,473.05999755859375,474.92999267578125,463.472412109375,85014900.0
2024-01-17,,,,,,,,,,,,,,,,,,,,,,,,,,,,,,,471.82000732421875,472.7900085449219,469.8699951171875,472.2900085449219,460.8961486816406,68843900.0
2024-01-18,,,,,,,,,,,,,,,,,,,,,,,,,,,,,,,474.010009765625,477.05999755859375,472.4200134277344,476.489990234375,464.99481201171875,91856200.0
2024-01-19,,,,,,,,,,,,,,,,,,,,,,,,,,,,,,,477.6499938964844,482.7200012207031,476.5400085449219,482.42999267578125,470.79150390625,110834500.0
2024-01-22,,,,,,,,,,,,,,,,,,,,,,,,,,,,,,,484.010009765625,485.2200012207031,482.7799987792969,483.45001220703125,471.78692626953125,75844900.0
2024-01-23,,,,,,,,,,,,,,,,,,,,,,,,,,,,,,,484.010009765625,485.1099853515625,482.8900146484375,484.8599853515625,473.16290283203125,49945300.0
2024-01-24,,,,,,,,,,,,,,,,,,,,,,,,,,,,,,,487.80999755859375,488.7699890136719,484.8800048828125,485.3900146484375,473.6800842285156,81765000.0
2024-01-25,,,,,,,,,,,,,,,,,,,,,,,,,,,,,,,487.5799865722656,488.30999755859375,485.3900146484375,488.0299987792969,476.25640869140625,72525000.0
2024-01-26,,,,,,,,,,,,,,,,,,,,,,,,,,,,,,,487.5899963378906,489.1199951171875,486.5400085449219,487.4100036621094,475.6513671875,76641600.0
2024-01-29,,,,,,,,,,,,,,,,,,,,,,,,,,,,,,,487.7300109863281,491.4200134277344,487.1700134277344,491.2699890136719,479.4182434082031,61322800.0
2024-01-30,,,,,,,,,,,,,,,,,,,,,,,,,,,,,,,490.55999755859375,491.6199951171875,490.1099853515625,490.8900146484375,479.04742431640625,58618400.0
2024-01-31,,,,,,,,,,,,,,,,,,,,,,,,,,,,,,,488.6199951171875,489.0799865722656,482.8599853515625,482.8800048828125,471.23065185546875,126011100.0
2024-02-01,,,,,,,,,,,,,,,,,,,,,,,,,,,,,,,484.6300048828125,489.2300109863281,483.79998779296875,489.20001220703125,477.3982238769531,91891600.0
2024-02-02,,,,,,,,,,,,,,,,,,,,,,,,,,,,,,,489.6499938964844,496.04998779296875,489.29998779296875,494.3500061035156,482.4239807128906,99228200.0
2024-02-05,,,,,,,,,,,,,,,,,,,,,,,,,,,,,,,493.70001220703125,494.3800048828125,490.2300109863281,492.54998779296875,480.6673278808594,75757100.0
2024-02-06,,,,,,,,,,,,,,,,,,,,,,,,,,,,,,,493.5199890136719,494.32000732421875,492.04998779296875,493.9800109863281,482.0628662109375,55918600.0
2024-02-07,,,,,,,,,,,,,,,,,,,,,,,,,,,,,,,496.2900085449219,498.5299987792969,495.3599853515625,498.1000061035156,486.08343505859375,70556500.0
2024-02-08,,,,,,,,,,,,,,,,,,,,,,,,,,,,,,,498.1000061035156,498.7099914550781,497.260009765625,498.32000732421875,486.29815673828125,52343600.0
2024-02-09,,,,,,,,,,,,,,,,,,,,,,,,,,,,,,,498.8399963378906,501.6499938964844,498.489990234375,501.20001220703125,489.10870361328125,63979400.0
2024-02-12,,,,,,,,,,,,,,,,,,,,,,,,,,,,,,,501.1700134277344,503.5,500.239990234375,500.9800109863281,488.8940124511719,56502300.0
2024-02-13,,,,,,,,,,,,,,,,,,,,,,,,,,,,,,,494.5299987792969,497.0899963378906,490.7200012207031,494.0799865722656,482.160400390625,113099200.0
2024-02-14,,,,,,,,,,,,,,,,,,,,,,,,,,,,,,,496.7900085449219,499.07000732421875,494.3999938964844,498.57000732421875,486.5421447753906,68387800.0
2024-02-15,,,,,,,,,,,,,,,,,,,,,,,,,,,,,,,499.2900085449219,502.20001220703125,498.79998779296875,502.010009765625,489.8991394042969,61683000.0
2024-02-16,,,,,,,,,,,,,,,,,,,,,,,,,,,,,,,501.70001220703125,502.8699951171875,498.75,499.510009765625,487.45947265625,75532900.0
2024-02-20,,,,,,,,,,,,,,,,,,,,,,,,,,,,,,,497.7200012207031,498.4100036621094,494.45001220703125,496.760009765625,484.7758483886719,71736700.0
2024-02-21,,,,,,,,,,,,,,,,,,,,,,,,,,,,,,,495.4200134277344,497.3699951171875,493.55999755859375,497.2099914550781,485.2149658203125,59293400.0
2024-02-22,,,,,,,,,,,,,,,,,,,,,,,,,,,,,,,504.010009765625,508.489990234375,503.0199890136719,507.5,495.2567138671875,76402500.0
2024-02-23,,,,,,,,,,,,,,,,,,,,,,,,,,,,,,,509.2699890136719,510.1300048828125,507.1000061035156,507.8500061035156,495.5982666015625,61321800.0
2024-02-26,,,,,,,,,,,,,,,,,,,,,,,,,,,,,,,508.29998779296875,508.75,505.8599853515625,505.989990234375,493.78314208984375,50386700.0
2024-02-27,,,,,,,,,,,,,,,,,,,,,,,,,,,,,,,506.70001220703125,507.1600036621094,504.75,506.92999267578125,494.700439453125,48854500.0
2024-02-28,,,,,,,,,,,,,,,,,,,,,,,,,,,,,,,505.3299865722656,506.8599853515625,504.9599914550781,506.260009765625,494.046630859375,56506600.0
2024-02-29,,,,,,,,,,,,,,,,,,,,,,,,,,,,,,,508.07000732421875,509.739990234375,505.3500061035156,508.0799865722656,495.8226623535156,83924800.0
2024-03-01,,,,,,,,,,,,,,,,,,,,,,,,,,,,,,,508.9800109863281,513.2899780273438,508.55999755859375,512.8499755859375,500.4776306152344,76844800.0
2024-03-04,,,,,,,,,,,,,,,,,,,,,,,,,,,,,,,512.030029296875,514.2000122070312,512.0,512.2999877929688,499.94091796875,49799300.0
2024-03-05,,,,,,,,,,,,,,,,,,,,,,,,,,,,,,,510.239990234375,510.70001220703125,504.9100036621094,507.17999267578125,494.9444274902344,72855600.0
2024-03-06,,,,,,,,,,,,,,,,,,,,,,,,,,,,,,,510.54998779296875,512.0700073242188,508.4200134277344,509.75,497.45245361328125,68382400.0
2024-03-07,,,,,,,,,,,,,,,,,,,,,,,,,,,,,,,513.1400146484375,515.8900146484375,509.80999755859375,514.8099975585938,502.39031982421875,58652100.0
2024-03-08,,,,,,,,,,,,,,,,,,,,,,,,,,,,,,,515.4600219726562,518.219970703125,511.1300048828125,511.7200012207031,499.3748779296875,86532500.0
2024-03-11,,,,,,,,,,,,,,,,,,,,,,,,,,,,,,,510.4800109863281,511.8800048828125,508.5,511.2799987792969,498.9455261230469,62557200.0
2024-03-12,,,,,,,,,,,,,,,,,,,,,,,,,,,,,,,513.4500122070312,517.3800048828125,510.8599853515625,516.780029296875,504.3128356933594,73114400.0
2024-03-13,,,,,,,,,,,,,,,,,,,,,,,,,,,,,,,517.1099853515625,517.2899780273438,514.489990234375,515.969970703125,503.5223388671875,55104100.0
2024-03-14,,,,,,,,,,,,,,,,,,,,,,,,,,,,,,,516.969970703125,517.1300048828125,511.82000732421875,514.9500122070312,502.5269775390625,110171800.0
2024-03-15,,,,,,,,,,,,,,,,,,,,,,,,,,,,,,,510.2099914550781,511.70001220703125,508.1199951171875,509.8299865722656,499.0763244628906,107646300.0
2024-03-18,,,,,,,,,,,,,,,,,,,,,,,,,,,,,,,514.0,515.47998046875,512.4400024414062,512.8599853515625,502.04241943359375,88893300.0
2024-03-19,,,,,,,,,,,,,,,,,,,,,,,,,,,,,,,512.1500244140625,516.0,511.1199951171875,515.7100219726562,504.83233642578125,60755300.0
2024-03-20,,,,,,,,,,,,,,,,,,,,,,,,,,,,,,,515.77001953125,520.6199951171875,515.0800170898438,520.47998046875,509.50164794921875,69594600.0
2024-03-21,,,,,,,,,,,,,,,,,,,,,,,,,,,,,,,523.3900146484375,524.1099853515625,521.9099731445312,522.2000122070312,511.18548583984375,60256100.0
2024-03-22,,,,,,,,,,,,,,,,,,,,,,,,,,,,,,,522.1099853515625,522.6099853515625,520.969970703125,521.2100219726562,510.2162780761719,79070800.0
2024-03-25,,,,,,,,,,,,,,,,,,,,,,,,,,,,,,,519.7999877929688,520.9500122070312,519.6099853515625,519.77001953125,508.8067321777344,48512100.0
2024-03-26,,,,,,,,,,,,,,,,,,,,,,,,,,,,,,,521.22998046875,521.5800170898438,518.4000244140625,518.8099975585938,507.8669128417969,65463700.0
2024-03-27,,,,,,,,,,,,,,,,,,,,,,,,,,,,,,,521.7100219726562,523.2100219726562,519.489990234375,523.1699829101562,512.1349487304688,82999800.0
2024-03-28,,,,,,,,,,,,,,,,,,,,,,,,,,,,,,,523.2100219726562,524.6099853515625,522.780029296875,523.0700073242188,512.037109375,96294900.0
2024-04-01,,,,,,,,,,,,,,,,,,,,,,,,,,,,,,,523.8300170898438,524.3800048828125,520.969970703125,522.1599731445312,511.146240234375,62477500.0
2024-04-02,,,,,,,,,,,,,,,,,,,,,,,,,,,,,,,518.239990234375,518.97998046875,516.47998046875,518.8400268554688,507.89630126953125,74230300.0
2024-04-03,,,,,,,,,,,,,,,,,,,,,,,,,,,,,,,517.719970703125,520.9500122070312,517.6699829101562,519.4099731445312,508.4542541503906,59155800.0
2024-04-04,,,,,,,,,,,,,,,,,,,,,,,,,,,,,,,523.52001953125,523.8699951171875,512.760009765625,513.0700073242188,502.2480163574219,96858100.0
2024-04-05,,,,,,,,,,,,,,,,,,,,,,,,,,,,,,,514.4600219726562,520.4400024414062,514.010009765625,518.4299926757812,507.4949645996094,74546500.0
2024-04-08,,,,,,,,,,,,,,,,,,,,,,,,,,,,,,,519.1500244140625,520.1799926757812,517.8900146484375,518.719970703125,507.77880859375,48401800.0
2024-04-09,,,,,,,,,,,,,,,,,,,,,,,,,,,,,,,520.5,520.75,514.3499755859375,519.3200073242188,508.3662109375,68049200.0
2024-04-10,,,,,,,,,,,,,,,,,,,,,,,,,,,,,,,513.47998046875,516.1599731445312,512.0900268554688,514.1199951171875,503.27581787109375,82652800.0
2024-04-11,,,,,,,,,,,,,,,,,,,,,,,,,,,,,,,515.6799926757812,519.47998046875,512.0800170898438,518.0,507.07403564453125,70099000.0
2024-04-12,,,,,,,,,,,,,,,,,,,,,,,,,,,,,,,514.3699951171875,515.8200073242188,509.0799865722656,510.8500061035156,500.0748596191406,92561100.0
2024-04-15,,,,,,,,,,,,,,,,,,,,,,,,,,,,,,,515.1300048828125,515.2999877929688,503.5799865722656,504.45001220703125,493.809814453125,92101400.0
2024-04-16,,,,,,,,,,,,,,,,,,,,,,,,,,,,,,,504.94000244140625,506.5,502.2099914550781,503.5299987792969,492.9092102050781,73484000.0
2024-04-17,,,,,,,,,,,,,,,,,,,,,,,,,,,,,,,506.04998779296875,506.2200012207031,499.1199951171875,500.54998779296875,489.9920349121094,75910300.0
2024-04-18,,,,,,,,,,,,,,,,,,,,,,,,,,,,,,,501.9800109863281,504.1300048828125,498.55999755859375,499.5199890136719,488.98382568359375,74548100.0
2024-04-19,,,,,,,,,,,,,,,,,,,,,,,,,,,,,,,499.44000244140625,500.4599914550781,493.8599853515625,495.1600036621094,484.7158203125,102212600.0
2024-04-22,,,,,,,,,,,,,,,,,,,,,,,,,,,,,,,497.8299865722656,502.3800048828125,495.42999267578125,499.7200012207031,489.17962646484375,67961000.0
2024-04-23,,,,,,,,,,,,,,,,,,,,,,,,,,,,,,,501.7799987792969,506.0899963378906,499.5299987792969,505.6499938964844,494.9844665527344,64633600.0
2024-04-24,,,,,,,,,,,,,,,,,,,,,,,,,,,,,,,506.55999755859375,507.3699951171875,503.1300048828125,505.4100036621094,494.74957275390625,55928100.0
2024-04-25,,,,,,,,,,,,,,,,,,,,,,,,,,,,,,,499.17999267578125,504.2699890136719,497.489990234375,503.489990234375,492.87005615234375,69122400.0
2024-04-26,,,,,,,,,,,,,,,,,,,,,,,,,,,,,,,506.3500061035156,509.8800048828125,505.70001220703125,508.260009765625,497.5394592285156,64306100.0
2024-04-29,,,,,,,,,,,,,,,,,,,,,,,,,,,,,,,510.0899963378906,510.75,507.25,510.05999755859375,499.3014831542969,46415400.0
2024-04-30,,,,,,,,,,,,,,,,,,,,,,,,,,,,,,,508.55999755859375,509.55999755859375,501.9800109863281,501.9800109863281,491.3919372558594,77483600.0
2024-05-01,,,,,,,,,,,,,,,,,,,,,,,,,,,,,,,501.3800048828125,508.19000244140625,499.8699951171875,500.3500061035156,489.7962951660156,80242800.0
2024-05-02,,,,,,,,,,,,,,,,,,,,,,,,,,,,,,,504.1499938964844,505.8900146484375,499.54998779296875,505.0299987792969,494.3775634765625,62550200.0
2024-05-03,,,,,,,,,,,,,,,,,,,,,,,,,,,,,,,511.1600036621094,512.5499877929688,508.55999755859375,511.2900085449219,500.50555419921875,72756700.0
2024-05-06,,,,,,,,,,,,,,,,,,,,,,,,,,,,,,,513.75,516.6099853515625,513.2999877929688,516.5700073242188,505.6741638183594,47264700.0
2024-05-07,,,,,,,,,,,,,,,,,,,,,,,,,,,,,,,517.5599975585938,518.5700073242188,516.4500122070312,517.1400146484375,506.23223876953125,52561300.0
2024-05-08,,,,,,,,,,,,,,,,,,,,,,,,,,,,,,,515.260009765625,517.739990234375,515.1400146484375,517.1900024414062,506.28106689453125,42047200.0
2024-05-09,,,,,,,,,,,,,,,,,,,,,,,,,,,,,,,517.3800048828125,520.2100219726562,516.7100219726562,520.1699829101562,509.19818115234375,43643700.0
2024-05-10,,,,,,,,,,,,,,,,,,,,,,,,,,,,,,,521.8099975585938,522.6400146484375,519.5900268554688,520.8400268554688,509.8540954589844,52233200.0
2024-05-13,,,,,,,,,,,,,,,,,,,,,,,,,,,,,,,522.5599975585938,522.6699829101562,519.739990234375,520.9099731445312,509.9226379394531,36716400.0
2024-05-14,,,,,,,,,,,,,,,,,,,,,,,,,,,,,,,521.1099853515625,523.8300170898438,520.5599975585938,523.2999877929688,512.2622680664062,57535900.0
2024-05-15,,,,,,,,,,,,,,,,,,,,,,,,,,,,,,,525.8300170898438,530.0800170898438,525.1799926757812,529.780029296875,518.6055908203125,59504900.0
2024-05-16,,,,,,,,,,,,,,,,,,,,,,,,,,,,,,,529.8800048828125,531.52001953125,528.5399780273438,528.6900024414062,517.53857421875,50244800.0
2024-05-17,,,,,,,,,,,,,,,,,,,,,,,,,,,,,,,528.8099975585938,529.52001953125,527.3200073242188,529.4500122070312,518.2824096679688,59187600.0
2024-05-20,,,,,,,,,,,,,,,,,,,,,,,,,,,,,,,529.5700073242188,531.5599975585938,529.1699829101562,530.0599975585938,518.8795776367188,37764200.0
2024-05-21,,,,,,,,,,,,,,,,,,,,,,,,,,,,,,,529.280029296875,531.52001953125,529.0700073242188,531.3599853515625,520.1522827148438,33437000.0
2024-05-22,,,,,,,,,,,,,,,,,,,,,,,,,,,,,,,530.6500244140625,531.3800048828125,527.5999755859375,529.8300170898438,518.6544799804688,48390000.0
2024-05-23,,,,,,,,,,,,,,,,,,,,,,,,,,,,,,,532.9600219726562,533.0700073242188,524.719970703125,525.9600219726562,514.8660888671875,57211200.0
2024-05-24,,,,,,,,,,,,,,,,,,,,,,,,,,,,,,,527.8499755859375,530.27001953125,526.8800048828125,529.4400024414062,518.2728271484375,41291100.0
2024-05-28,,,,,,,,,,,,,,,,,,,,,,,,,,,,,,,530.27001953125,530.510009765625,527.1099853515625,529.8099975585938,518.6348876953125,36269600.0
2024-05-29,,,,,,,,,,,,,,,,,,,,,,,,,,,,,,,525.6799926757812,527.3099975585938,525.3699951171875,526.0999755859375,515.003173828125,45190300.0
2024-05-30,,,,,,,,,,,,,,,,,,,,,,,,,,,,,,,524.52001953125,525.2000122070312,521.3300170898438,522.6099853515625,511.5868225097656,46377600.0
2024-05-31,,,,,,,,,,,,,,,,,,,,,,,,,,,,,,,523.5900268554688,527.5,518.3599853515625,527.3699951171875,516.246337890625,90785800.0
2024-06-03,,,,,,,,,,,,,,,,,,,,,,,,,,,,,,,529.02001953125,529.3099975585938,522.5999755859375,527.7999877929688,516.6673583984375,46835700.0
2024-06-04,,,,,,,,,,,,,,,,,,,,,,,,,,,,,,,526.4600219726562,529.1500244140625,524.9600219726562,528.3900146484375,517.2448120117188,34632700.0
2024-06-05,,,,,,,,,,,,,,,,,,,,,,,,,,,,,,,530.77001953125,534.6900024414062,528.72998046875,534.6699829101562,523.3924560546875,47610400.0
2024-06-06,,,,,,,,,,,,,,,,,,,,,,,,,,,,,,,534.97998046875,535.4199829101562,532.6799926757812,534.6599731445312,523.3825073242188,30808500.0
2024-06-07,,,,,,,,,,,,,,,,,,,,,,,,,,,,,,,533.6599731445312,536.8900146484375,532.5399780273438,534.010009765625,522.746337890625,43224500.0
2024-06-10,,,,,,,,,,,,,,,,,,,,,,,,,,,,,,,533.1799926757812,535.989990234375,532.5700073242188,535.6599731445312,524.3615112304688,35686100.0
2024-06-11,,,,,,,,,,,,,,,,,,,,,,,,,,,,,,,534.0700073242188,537.010009765625,532.0499877929688,536.9500122070312,525.6243286132812,36383400.0
2024-06-12,,,,,,,,,,,,,,,,,,,,,,,,,,,,,,,541.6300048828125,544.1199951171875,540.2999877929688,541.3599853515625,529.9412841796875,63251300.0
2024-06-13,,,,,,,,,,,,,,,,,,,,,,,,,,,,,,,543.1500244140625,543.3300170898438,539.5900268554688,542.4500122070312,531.0082397460938,44760900.0
2024-06-14,,,,,,,,,,,,,,,,,,,,,,,,,,,,,,,540.8800048828125,542.8099975585938,539.8499755859375,542.780029296875,531.331298828125,40089900.0
2024-06-17,,,,,,,,,,,,,,,,,,,,,,,,,,,,,,,542.0800170898438,548.530029296875,541.6099853515625,547.0999755859375,535.5602416992188,55839500.0
2024-06-18,,,,,,,,,,,,,,,,,,,,,,,,,,,,,,,547.1599731445312,548.6199951171875,546.72998046875,548.489990234375,536.9208984375,41376400.0
2024-06-20,,,,,,,,,,,,,,,,,,,,,,,,,,,,,,,549.4400024414062,550.1199951171875,545.1799926757812,547.0,535.4623413085938,70328200.0
2024-06-21,,,,,,,,,,,,,,,,,,,,,,,,,,,,,,,544.4000244140625,545.6500244140625,543.02001953125,544.510009765625,534.744384765625,64338600.0
2024-06-24,,,,,,,,,,,,,,,,,,,,,,,,,,,,,,,544.3300170898438,546.9500122070312,542.6199951171875,542.739990234375,533.006103515625,45528700.0
2024-06-25,,,,,,,,,,,,,,,,,,,,,,,,,,,,,,,543.989990234375,545.2000122070312,542.4400024414062,544.8300170898438,535.0587158203125,37936200.0
2024-06-26,,,,,,,,,,,,,,,,,,,,,,,,,,,,,,,543.6900024414062,546.239990234375,543.030029296875,545.510009765625,535.7265014648438,38550600.0
2024-06-27,,,,,,,,,,,,,,,,,,,,,,,,,,,,,,,545.3699951171875,546.9600219726562,544.6099853515625,546.3699951171875,536.571044921875,35041500.0
2024-06-28,,,,,,,,,,,,,,,,,,,,,,,,,,,,,,,547.1599731445312,550.280029296875,542.9500122070312,544.219970703125,534.4596557617188,76144500.0
2024-07-01,,,,,,,,,,,,,,,,,,,,,,,,,,,,,,,545.6300048828125,545.8800048828125,542.52001953125,545.3400268554688,535.5595703125,40297800.0
2024-07-02,,,,,,,,,,,,,,,,,,,,,,,,,,,,,,,543.7000122070312,549.010009765625,543.6500244140625,549.010009765625,539.1637573242188,40434800.0
2024-07-03,,,,,,,,,,,,,,,,,,,,,,,,,,,,,,,548.6900024414062,551.8300170898438,548.6500244140625,551.4600219726562,541.56982421875,32789900.0
2024-07-05,,,,,,,,,,,,,,,,,,,,,,,,,,,,,,,551.77001953125,555.0499877929688,551.1199951171875,554.6400146484375,544.6928100585938,41488400.0
2024-07-08,,,,,,,,,,,,,,,,,,,,,,,,,,,,,,,555.4400024414062,556.25,554.1900024414062,555.280029296875,545.3212890625,36110500.0
2024-07-09,,,,,,,,,,,,,,,,,,,,,,,,,,,,,,,556.260009765625,557.1799926757812,555.52001953125,555.8200073242188,545.8516845703125,27289700.0
2024-07-10,,,,,,,,,,,,,,,,,,,,,,,,,,,,,,,557.0700073242188,561.6699829101562,556.77001953125,561.3200073242188,551.2529296875,38701200.0
2024-07-11,,,,,,,,,,,,,,,,,,,,,,,,,,,,,,,561.4400024414062,562.3300170898438,555.8300170898438,556.47998046875,546.4998168945312,53054200.0
2024-07-12,,,,,,,,,,,,,,,,,,,,,,,,,,,,,,,557.6300048828125,563.6699829101562,557.1500244140625,559.989990234375,549.94677734375,53084400.0
2024-07-15,,,,,,,,,,,,,,,,,,,,,,,,,,,,,,,562.030029296875,564.8400268554688,559.6300048828125,561.530029296875,551.4591674804688,40584300.0
2024-07-16,,,,,,,,,,,,,,,,,,,,,,,,,,,,,,,562.8699951171875,565.1599731445312,562.0999755859375,564.8599853515625,554.7294311523438,36475300.0
2024-07-17,,,,,,,,,,,,,,,,,,,,,,,,,,,,,,,558.7999877929688,560.510009765625,556.6099853515625,556.9400024414062,546.9515380859375,57119000.0
2024-07-18,,,,,,,,,,,,,,,,,,,,,,,,,,,,,,,558.510009765625,559.52001953125,550.4299926757812,552.6599731445312,542.748291015625,56270400.0
2024-07-19,,,,,,,,,,,,,,,,,,,,,,,,,,,,,,,552.4199829101562,554.0800170898438,547.9099731445312,548.989990234375,539.1441040039062,65509100.0
2024-07-22,,,,,,,,,,,,,,,,,,,,,,,,,,,,,,,553.0,555.27001953125,551.02001953125,554.6500244140625,544.7025756835938,43346700.0
2024-07-23,,,,,,,,,,,,,,,,,,,,,,,,,,,,,,,554.5399780273438,556.739990234375,553.280029296875,553.780029296875,543.8482666015625,34439600.0
2024-07-24,,,,,,,,,,,,,,,,,,,,,,,,,,,,,,,548.8599853515625,549.1699829101562,540.2899780273438,541.22998046875,531.523193359375,74515300.0
2024-07-25,,,,,,,,,,,,,,,,,,,,,,,,,,,,,,,541.3499755859375,547.4600219726562,537.4500122070312,538.4099731445312,528.7537231445312,61158300.0
2024-07-26,,,,,,,,,,,,,,,,,,,,,,,,,,,,,,,542.280029296875,547.1900024414062,541.489990234375,544.4400024414062,534.67578125,53763800.0
2024-07-29,,,,,,,,,,,,,,,,,,,,,,,,,,,,,,,546.02001953125,547.0499877929688,542.719970703125,544.760009765625,534.9899291992188,39515800.0
2024-07-30,,,,,,,,,,,,,,,,,,,,,,,,,,,,,,,546.260009765625,547.3400268554688,538.52001953125,542.0,532.2794799804688,46853600.0
2024-07-31,,,,,,,,,,,,,,,,,,,,,,,,,,,,,,,548.97998046875,553.5,547.5800170898438,550.8099975585938,540.9315185546875,65663400.0
2024-08-01,,,,,,,,,,,,,,,,,,,,,,,,,,,,,,,552.5700073242188,554.8699951171875,539.4299926757812,543.010009765625,533.2713623046875,76428700.0
2024-08-02,,,,,,,,,,,,,,,,,,,,,,,,,,,,,,,535.75,536.989990234375,528.5999755859375,532.9000244140625,523.3426513671875,82789100.0
2024-08-05,,,,,,,,,,,,,,,,,,,,,,,,,,,,,,,511.6400146484375,523.5800170898438,510.2699890136719,517.3800048828125,508.1010437011719,146267400.0
2024-08-06,,,,,,,,,,,,,,,,,,,,,,,,,,,,,,,519.219970703125,529.75,517.8699951171875,522.1500244140625,512.7854614257812,84826300.0
2024-08-07,,,,,,,,,,,,,,,,,,,,,,,,,,,,,,,528.469970703125,531.5900268554688,518.0499877929688,518.6599731445312,509.3580627441406,70698300.0
2024-08-08,,,,,,,,,,,,,,,,,,,,,,,,,,,,,,,523.9099731445312,531.2899780273438,521.8400268554688,530.6500244140625,521.133056640625,63276600.0
2024-08-09,,,,,,,,,,,,,,,,,,,,,,,,,,,,,,,529.8099975585938,534.510009765625,528.5599975585938,532.989990234375,523.4310302734375,45619600.0
2024-08-12,,,,,,,,,,,,,,,,,,,,,,,,,,,,,,,534.2100219726562,535.72998046875,530.9500122070312,533.27001953125,523.7060546875,42542100.0
2024-08-13,,,,,,,,,,,,,,,,,,,,,,,,,,,,,,,536.530029296875,542.280029296875,536.280029296875,542.0399780273438,532.3187866210938,52333100.0
2024-08-14,,,,,,,,,,,,,,,,,,,,,,,,,,,,,,,542.8499755859375,544.9600219726562,540.1199951171875,543.75,533.998046875,42446900.0
2024-08-15,,,,,,,,,,,,,,,,,,,,,,,,,,,,,,,549.5,553.3599853515625,548.8800048828125,553.0700073242188,543.15087890625,60846800.0
2024-08-16,,,,,,,,,,,,,,,,,,,,,,,,,,,,,,,551.4199829101562,555.02001953125,551.260009765625,554.3099975585938,544.36865234375,44430700.0
2024-08-19,,,,,,,,,,,,,,,,,,,,,,,,,,,,,,,554.72998046875,559.6099853515625,553.8599853515625,559.6099853515625,549.5736083984375,39121800.0
2024-08-20,,,,,,,,,,,,,,,,,,,,,,,,,,,,,,,559.1500244140625,560.8400268554688,557.3300170898438,558.7000122070312,548.6799926757812,33732300.0
2024-08-21,,,,,,,,,,,,,,,,,,,,,,,,,,,,,,,559.77001953125,562.1099853515625,554.72998046875,560.6199951171875,550.5654907226562,41514600.0
2024-08-22,,,,,,,,,,,,,,,,,,,,,,,,,,,,,,,562.5599975585938,563.1799926757812,554.97998046875,556.219970703125,546.2444458007812,56121500.0
2024-08-23,,,,,,,,,,,,,,,,,,,,,,,,,,,,,,,559.530029296875,563.0900268554688,557.2899780273438,562.1300048828125,552.0484619140625,50639400.0
2024-08-26,,,,,,,,,,,,,,,,,,,,,,,,,,,,,,,563.1799926757812,563.9099731445312,559.0499877929688,560.7899780273438,550.7324829101562,35788600.0
2024-08-27,,,,,,,,,,,,,,,,,,,,,,,,,,,,,,,559.489990234375,562.0599975585938,558.3200073242188,561.5599975585938,551.4887084960938,32693900.0
2024-08-28,,,,,,,,,,,,,,,,,,,,,,,,,,,,,,,561.2100219726562,561.6500244140625,555.0399780273438,558.2999877929688,548.287109375,41066000.0
2024-08-29,,,,,,,,,,,,,,,,,,,,,,,,,,,,,,,560.3099975585938,563.6799926757812,557.1799926757812,558.3499755859375,548.336181640625,38715200.0
2024-08-30,,,,,,,,,,,,,,,,,,,,,,,,,,,,,,,560.77001953125,564.2000122070312,557.1400146484375,563.6799926757812,553.5706787109375,62700100.0
2024-09-03,,,,,,,,,,,,,,,,,,,,,,,,,,,,,,,560.469970703125,560.8099975585938,549.510009765625,552.0800170898438,542.1787109375,60600100.0
2024-09-04,,,,,,,,,,,,,,,,,,,,,,,,,,,,,,,550.2000122070312,554.4299926757812,549.4600219726562,550.9500122070312,541.0689697265625,47224900.0
2024-09-05,,,,,,,,,,,,,,,,,,,,,,,,,,,,,,,550.8900146484375,553.7999877929688,547.0999755859375,549.6099853515625,539.7529907226562,44264300.0
2024-09-06,,,,,,,,,,,,,,,,,,,,,,,,,,,,,,,549.9400024414062,551.5999755859375,539.4400024414062,540.3599853515625,530.6689453125,68493800.0
2024-09-09,,,,,,,,,,,,,,,,,,,,,,,,,,,,,,,544.6500244140625,547.7100219726562,542.6799926757812,546.4099731445312,536.6102905273438,40445800.0
2024-09-10,,,,,,,,,,,,,,,,,,,,,,,,,,,,,,,548.3599853515625,549.1500244140625,543.3800048828125,548.7899780273438,538.94775390625,36394600.0
2024-09-11,,,,,,,,,,,,,,,,,,,,,,,,,,,,,,,548.7000122070312,555.3599853515625,539.9600219726562,554.4199829101562,544.4767456054688,75248600.0
2024-09-12,,,,,,,,,,,,,,,,,,,,,,,,,,,,,,,555.010009765625,559.4000244140625,552.739990234375,559.0900268554688,549.0629272460938,51819600.0
2024-09-13,,,,,,,,,,,,,,,,,,,,,,,,,,,,,,,559.7100219726562,563.030029296875,559.4500122070312,562.010009765625,551.9305419921875,39310500.0
2024-09-16,,,,,,,,,,,,,,,,,,,,,,,,,,,,,,,561.739990234375,563.1099853515625,559.9000244140625,562.8400268554688,552.7457275390625,36656100.0
2024-09-17,,,,,,,,,,,,,,,,,,,,,,,,,,,,,,,565.0999755859375,566.5800170898438,560.7899780273438,563.0700073242188,552.9716186523438,49321000.0
2024-09-18,,,,,,,,,,,,,,,,,,,,,,,,,,,,,,,563.739990234375,568.6900024414062,560.8300170898438,561.4000244140625,551.33154296875,59044900.0
2024-09-19,,,,,,,,,,,,,,,,,,,,,,,,,,,,,,,571.010009765625,572.8800048828125,568.0800170898438,570.97998046875,560.7396850585938,75315500.0
2024-09-20,,,,,,,,,,,,,,,,,,,,,,,,,,,,,,,567.8400268554688,569.3099975585938,565.1699829101562,568.25,559.7703247070312,77503100.0
2024-09-23,,,,,,,,,,,,,,,,,,,,,,,,,,,,,,,569.3400268554688,570.3300170898438,568.0999755859375,569.6699829101562,561.169189453125,44116900.0
2024-09-24,,,,,,,,,,,,,,,,,,,,,,,,,,,,,,,570.47998046875,571.3599853515625,567.5999755859375,571.2999877929688,562.7748413085938,46805700.0
2024-09-25,,,,,,,,,,,,,,,,,,,,,,,,,,,,,,,571.1400146484375,571.8900146484375,568.9099731445312,570.0399780273438,561.5336303710938,38428600.0
2024-09-26,,,,,,,,,,,,,,,,,,,,,,,,,,,,,,,574.3800048828125,574.7100219726562,569.9000244140625,572.2999877929688,563.760009765625,48336000.0
2024-09-27,,,,,,,,,,,,,,,,,,,,,,,,,,,,,,,573.3900146484375,574.219970703125,570.4199829101562,571.469970703125,562.9423217773438,42100900.0
2024-09-30,,,,,,,,,,,,,,,,,,,,,,,,,,,,,,,570.4199829101562,574.3800048828125,568.0800170898438,573.760009765625,565.1981811523438,63557400.0
2024-10-01,,,,,,,,,,,,,,,,,,,,,,,,,,,,,,,573.4000244140625,574.0599975585938,566.0,568.6199951171875,560.1348876953125,72668800.0
2024-10-02,,,,,,,,,,,,,,,,,,,,,,,,,,,,,,,567.7100219726562,569.9000244140625,565.27001953125,568.8599853515625,560.3712768554688,38097800.0
2024-10-03,,,,,,,,,,,,,,,,,,,,,,,,,,,,,,,567.3599853515625,569.7999877929688,565.489990234375,567.8200073242188,559.3468017578125,40846500.0
2024-10-04,,,,,,,,,,,,,,,,,,,,,,,,,,,,,,,572.3499755859375,573.3599853515625,568.0999755859375,572.97998046875,564.4297485351562,42939100.0
2024-10-07,,,,,,,,,,,,,,,,,,,,,,,,,,,,,,,571.2999877929688,571.9600219726562,566.6300048828125,567.7999877929688,559.3270874023438,49964700.0
2024-10-08,,,,,,,,,,,,,,,,,,,,,,,,,,,,,,,570.4199829101562,573.780029296875,569.530029296875,573.1699829101562,564.616943359375,37398700.0
2024-10-09,,,,,,,,,,,,,,,,,,,,,,,,,,,,,,,573.1599731445312,577.7100219726562,572.5499877929688,577.1400146484375,568.52783203125,37912200.0
2024-10-10,,,,,,,,,,,,,,,,,,,,,,,,,,,,,,,575.77001953125,577.5800170898438,574.489990234375,576.1300048828125,567.5328369140625,44138100.0
2024-10-11,,,,,,,,,,,,,,,,,,,,,,,,,,,,,,,576.0499877929688,580.3300170898438,575.9099731445312,579.5800170898438,570.9312744140625,42268000.0
2024-10-14,,,,,,,,,,,,,,,,,,,,,,,,,,,,,,,581.219970703125,585.27001953125,580.72998046875,584.3200073242188,575.6006469726562,36217200.0
2024-10-15,,,,,,,,,,,,,,,,,,,,,,,,,,,,,,,584.5900268554688,584.9000244140625,578.5399780273438,579.780029296875,571.1283569335938,54203600.0
2024-10-16,,,,,,,,,,,,,,,,,,,,,,,,,,,,,,,579.780029296875,582.8300170898438,578.9600219726562,582.2999877929688,573.6107788085938,30725400.0
2024-10-17,,,,,,,,,,,,,,,,,,,,,,,,,,,,,,,585.9099731445312,586.1199951171875,582.1599731445312,582.3499755859375,573.659912109375,34393700.0
2024-10-18,,,,,,,,,,,,,,,,,,,,,,,,,,,,,,,584.0700073242188,585.3900146484375,582.5800170898438,584.5900268554688,575.8665161132812,37416800.0
2024-10-21,,,,,,,,,,,,,,,,,,,,,,,,,,,,,,,583.8499755859375,584.8499755859375,580.5999755859375,583.6300048828125,574.9208374023438,36439000.0
2024-10-22,,,,,,,,,,,,,,,,,,,,,,,,,,,,,,,581.0499877929688,584.5,580.3800048828125,583.3200073242188,574.6155395507812,34183800.0
2024-10-23,,,,,,,,,,,,,,,,,,,,,,,,,,,,,,,581.260009765625,581.7100219726562,574.4199829101562,577.989990234375,569.3650512695312,49314600.0
2024-10-24,,,,,,,,,,,,,,,,,,,,,,,,,,,,,,,579.97998046875,580.0599975585938,576.5700073242188,579.239990234375,570.5964965820312,34979900.0
2024-10-25,,,,,,,,,,,,,,,,,,,,,,,,,,,,,,,581.510009765625,584.4600219726562,578.0800170898438,579.0399780273438,570.3993530273438,47268200.0
2024-10-28,,,,,,,,,,,,,,,,,,,,,,,,,,,,,,,582.5800170898438,582.7100219726562,580.52001953125,580.8300170898438,572.1627197265625,30174700.0
2024-10-29,,,,,,,,,,,,,,,,,,,,,,,,,,,,,,,579.8499755859375,582.9099731445312,578.4299926757812,581.77001953125,573.0886840820312,42899700.0
2024-10-30,,,,,,,,,,,,,,,,,,,,,,,,,,,,,,,581.2899780273438,583.3200073242188,579.2899780273438,580.010009765625,571.35498046875,41435800.0
2024-10-31,,,,,,,,,,,,,,,,,,,,,,,,,,,,,,,575.5599975585938,575.6300048828125,568.4400024414062,568.6400146484375,560.1546020507812,60182500.0
2024-11-01,,,,,,,,,,,,,,,,,,,,,,,,,,,,,,,571.3200073242188,575.5499877929688,570.6199951171875,571.0399780273438,562.5187377929688,45667500.0
2024-11-04,,,,,,,,,,,,,,,,,,,,,,,,,,,,,,,571.1799926757812,572.5,567.8900146484375,569.8099975585938,561.30712890625,38217000.0
2024-11-05,,,,,,,,,,,,,,,,,,,,,,,,,,,,,,,570.739990234375,576.739990234375,570.52001953125,576.7000122070312,568.0943603515625,39478300.0
2024-11-06,,,,,,,,,,,,,,,,,,,,,,,,,,,,,,,589.2000122070312,591.9299926757812,585.3900146484375,591.0399780273438,582.2202758789062,68182000.0
2024-11-07,,,,,,,,,,,,,,,,,,,,,,,,,,,,,,,593.0800170898438,596.6500244140625,593.0,595.6099853515625,586.7221069335938,47233200.0
2024-11-08,,,,,,,,,,,,,,,,,,,,,,,,,,,,,,,596.1699829101562,599.6400146484375,596.1699829101562,598.1900024414062,589.2636108398438,46444900.0
2024-11-11,,,,,,,,,,,,,,,,,,,,,,,,,,,,,,,599.8099975585938,600.1699829101562,597.0,598.760009765625,589.8251342773438,37586800.0
2024-11-12,,,,,,,,,,,,,,,,,,,,,,,,,,,,,,,598.6799926757812,599.2899780273438,594.3699951171875,596.9000244140625,587.992919921875,43006100.0
2024-11-13,,,,,,,,,,,,,,,,,,,,,,,,,,,,,,,597.3699951171875,599.22998046875,594.9600219726562,597.1900024414062,588.2786254882812,47388600.0
2024-11-14,,,,,,,,,,,,,,,,,,,,,,,,,,,,,,,597.3200073242188,597.8099975585938,592.6500244140625,593.3499755859375,584.495849609375,38904100.0
2024-11-15,,,,,,,,,,,,,,,,,,,,,,,,,,,,,,,589.719970703125,590.2000122070312,583.8599853515625,585.75,577.00927734375,75988800.0
2024-11-18,,,,,,,,,,,,,,,,,,,,,,,,,,,,,,,586.219970703125,589.489990234375,585.3400268554688,588.1500244140625,579.3734741210938,37001700.0
2024-11-19,,,,,,,,,,,,,,,,,,,,,,,,,,,,,,,584.7100219726562,591.0399780273438,584.030029296875,590.2999877929688,581.4913940429688,49412000.0
2024-11-20,,,,,,,,,,,,,,,,,,,,,,,,,,,,,,,590.3800048828125,590.7899780273438,584.6300048828125,590.5,581.6884155273438,50032600.0
2024-11-21,,,,,,,,,,,,,,,,,,,,,,,,,,,,,,,593.4000244140625,595.1199951171875,587.4500122070312,593.6699829101562,584.8109741210938,46750300.0
2024-11-22,,,,,,,,,,,,,,,,,,,,,,,,,,,,,,,593.6599731445312,596.1500244140625,593.1500244140625,595.510009765625,586.6236572265625,38226400.0
2024-11-25,,,,,,,,,,,,,,,,,,,,,,,,,,,,,,,599.52001953125,600.8599853515625,595.2000122070312,597.530029296875,588.6134643554688,42441400.0
2024-11-26,,,,,,,,,,,,,,,,,,,,,,,,,,,,,,,598.7999877929688,601.3300170898438,598.0700073242188,600.6500244140625,591.6869506835938,45621300.0
2024-11-27,,,,,,,,,,,,,,,,,,,,,,,,,,,,,,,600.4600219726562,600.8499755859375,597.280029296875,598.8300170898438,589.89404296875,34000200.0
2024-11-29,,,,,,,,,,,,,,,,,,,,,,,,,,,,,,,599.6599731445312,603.3499755859375,599.3800048828125,602.5499877929688,593.55859375,30177400.0
2024-12-02,,,,,,,,,,,,,,,,,,,,,,,,,,,,,,,602.969970703125,604.3200073242188,602.469970703125,603.6300048828125,594.6224365234375,31746000.0
2024-12-03,,,,,,,,,,,,,,,,,,,,,,,,,,,,,,,603.3900146484375,604.1599731445312,602.3400268554688,603.9099731445312,594.8982543945312,26906600.0
2024-12-04,,,,,,,,,,,,,,,,,,,,,,,,,,,,,,,605.6300048828125,607.9099731445312,604.9500122070312,607.6599731445312,598.5922241210938,42787600.0
2024-12-05,,,,,,,,,,,,,,,,,,,,,,,,,,,,,,,607.6599731445312,608.47998046875,606.2999877929688,606.6599731445312,597.6072387695312,28762200.0
2024-12-06,,,,,,,,,,,,,,,,,,,,,,,,,,,,,,,607.4400024414062,609.0700073242188,607.02001953125,607.8099975585938,598.7401123046875,31241500.0
2024-12-09,,,,,,,,,,,,,,,,,,,,,,,,,,,,,,,607.6900024414062,607.8599853515625,604.0800170898438,604.6799926757812,595.65673828125,34742700.0
2024-12-10,,,,,,,,,,,,,,,,,,,,,,,,,,,,,,,605.3699951171875,605.7999877929688,602.1300048828125,602.7999877929688,593.8048095703125,37234500.0
2024-12-11,,,,,,,,,,,,,,,,,,,,,,,,,,,,,,,605.780029296875,608.4299926757812,605.5,607.4600219726562,598.3953247070312,28677700.0
2024-12-12,,,,,,,,,,,,,,,,,,,,,,,,,,,,,,,606.5800170898438,607.1599731445312,604.3300170898438,604.3300170898438,595.31201171875,31543800.0
2024-12-13,,,,,,,,,,,,,,,,,,,,,,,,,,,,,,,606.4000244140625,607.1300048828125,602.8099975585938,604.2100219726562,595.19384765625,35904700.0
2024-12-16,,,,,,,,,,,,,,,,,,,,,,,,,,,,,,,606.0,607.780029296875,605.2100219726562,606.7899780273438,597.7353515625,43695200.0
2024-12-17,,,,,,,,,,,,,,,,,,,,,,,,,,,,,,,604.1900024414062,605.1699829101562,602.8900146484375,604.2899780273438,595.2725830078125,55773500.0
2024-12-18,,,,,,,,,,,,,,,,,,,,,,,,,,,,,,,603.97998046875,606.4099731445312,585.8900146484375,586.280029296875,577.5314331054688,108248700.0
2024-12-19,,,,,,,,,,,,,,,,,,,,,,,,,,,,,,,591.3599853515625,593.0,585.8499755859375,586.0999755859375,577.3539428710938,85919500.0
2024-12-20,,,,,,,,,,,,,,,,,,,,,,,,,,,,,,,581.77001953125,595.75,580.9099731445312,591.1500244140625,584.2886352539062,125716700.0
2024-12-23,,,,,,,,,,,,,,,,,,,,,,,,,,,,,,,590.8900146484375,595.2999877929688,587.6599731445312,594.6900024414062,587.7875366210938,57635800.0
2024-12-24,,,,,,,,,,,,,,,,,,,,,,,,,,,,,,,596.0599975585938,601.3400268554688,595.469970703125,601.2999877929688,594.32080078125,33160100.0
2024-12-26,,,,,,,,,,,,,,,,,,,,,,,,,,,,,,,599.5,602.47998046875,598.0800170898438,601.3400268554688,594.3604125976562,41219100.0
2024-12-27,,,,,,,,,,,,,,,,,,,,,,,,,,,,,,,597.5399780273438,597.780029296875,590.760009765625,595.010009765625,588.1038208007812,64969300.0
2024-12-30,,,,,,,,,,,,,,,,,,,,,,,,,,,,,,,587.8900146484375,591.739990234375,584.4099731445312,588.219970703125,581.3926391601562,56578800.0
2024-12-31,,,,,,,,,,,,,,,,,,,,,,,,,,,,,,,589.9099731445312,590.6400146484375,584.4199829101562,586.0800170898438,579.2774047851562,57052700.0
2025-01-02,,,,,,,,,,,,,,,,,,,,,,,,,,,,,,,589.3900146484375,591.1300048828125,580.5,584.6400146484375,577.8541870117188,50204000.0
2025-01-03,,,,,,,,,,,,,,,,,,,,,,,,,,,,,,,587.530029296875,592.5999755859375,586.4299926757812,591.9500122070312,585.079345703125,37888500.0
2025-01-06,,,,,,,,,,,,,,,,,,,,,,,,,,,,,,,596.27001953125,599.7000122070312,593.5999755859375,595.3599853515625,588.44970703125,47679400.0
2025-01-07,,,,,,,,,,,,,,,,,,,,,,,,,,,,,,,597.4199829101562,597.75,586.780029296875,588.6300048828125,581.7977905273438,60393100.0
2025-01-08,,,,,,,,,,,,,,,,,,,,,,,,,,,,,,,588.7000122070312,590.5800170898438,585.2000122070312,589.489990234375,582.6478271484375,47304700.0
2025-01-10,,,,,,,,,,,,,,,,,,,,,,,,,,,,,,,585.8800048828125,585.9500122070312,578.5499877929688,580.489990234375,573.7523193359375,73105000.0
2025-01-13,,,,,,,,,,,,,,,,,,,,,,,,,,,,,,,575.77001953125,581.75,575.3499755859375,581.3900146484375,574.6419067382812,47910100.0
2025-01-14,,,,,,,,,,,,,,,,,,,,,,,,,,,,,,,584.3599853515625,585.0,578.3499755859375,582.1900024414062,575.4326171875,48420600.0
2025-01-15,,,,,,,,,,,,,,,,,,,,,,,,,,,,,,,590.3300170898438,593.9400024414062,589.2000122070312,592.780029296875,585.8997192382812,56900200.0
2025-01-16,,,,,,,,,,,,,,,,,,,,,,,,,,,,,,,594.1699829101562,594.3499755859375,590.9299926757812,591.6400146484375,584.7728881835938,43319700.0
2025-01-17,,,,,,,,,,,,,,,,,,,,,,,,,,,,,,,596.9600219726562,599.3599853515625,595.6099853515625,597.5800170898438,590.6439819335938,58070600.0
2025-01-21,,,,,,,,,,,,,,,,,,,,,,,,,,,,,,,600.6699829101562,603.0599975585938,598.6699829101562,603.0499877929688,596.0504760742188,42532900.0
2025-01-22,,,,,,,,,,,,,,,,,,,,,,,,,,,,,,,605.9199829101562,607.8200073242188,605.3599853515625,606.4400024414062,599.4011840820312,48196000.0
2025-01-23,,,,,,,,,,,,,,,,,,,,,,,,,,,,,,,605.7999877929688,609.75,605.52001953125,609.75,602.6727905273438,41152100.0
2025-01-24,,,,,,,,,,,,,,,,,,,,,,,,,,,,,,,609.8099975585938,610.780029296875,606.7999877929688,607.969970703125,600.913330078125,34604700.0
2025-01-27,,,,,,,,,,,,,,,,,,,,,,,,,,,,,,,594.8099975585938,599.6900024414062,594.6400146484375,599.3699951171875,592.4131469726562,70361100.0
2025-01-28,,,,,,,,,,,,,,,,,,,,,,,,,,,,,,,600.6199951171875,605.3699951171875,597.25,604.52001953125,597.5034790039062,44433300.0
2025-01-29,,,,,,,,,,,,,,,,,,,,,,,,,,,,,,,603.719970703125,604.1300048828125,599.219970703125,601.8099975585938,594.8248901367188,37177400.0
2025-01-30,,,,,,,,,,,,,,,,,,,,,,,,,,,,,,,603.9600219726562,606.5999755859375,600.719970703125,605.0399780273438,598.017333984375,39281300.0
2025-01-31,,,,,,,,,,,,,,,,,,,,,,,,,,,,,,,607.5,609.9600219726562,601.0499877929688,601.8200073242188,594.8347778320312,66566900.0
2025-02-03,,,,,,,,,,,,,,,,,,,,,,,,,,,,,,,592.6699829101562,600.2899780273438,590.489990234375,597.77001953125,590.831787109375,65857200.0
2025-02-04,,,,,,,,,,,,,,,,,,,,,,,,,,,,,,,597.8300170898438,602.2999877929688,597.280029296875,601.780029296875,594.7952880859375,33457800.0
2025-02-05,,,,,,,,,,,,,,,,,,,,,,,,,,,,,,,600.6400146484375,604.3699951171875,598.5800170898438,604.219970703125,597.2068481445312,30653100.0
2025-02-06,,,,,,,,,,,,,,,,,,,,,,,,,,,,,,,605.989990234375,606.4500122070312,602.6300048828125,606.3200073242188,599.2825927734375,35771500.0
2025-02-07,,,,,,,,,,,,,,,,,,,,,,,,,,,,,,,606.8900146484375,608.1300048828125,600.0499877929688,600.77001953125,593.7969360351562,50788500.0
2025-02-10,,,,,,,,,,,,,,,,,,,,,,,,,,,,,,,604.030029296875,605.5,602.739990234375,604.8499755859375,597.82958984375,26048700.0
2025-02-11,,,,,,,,,,,,,,,,,,,,,,,,,,,,,,,602.5499877929688,605.8599853515625,602.4299926757812,605.3099975585938,598.2842407226562,30056700.0
2025-02-12,,,,,,,,,,,,,,,,,,,,,,,,,,,,,,,599.2000122070312,604.5499877929688,598.510009765625,603.3599853515625,596.3568725585938,45076100.0
2025-02-13,,,,,,,,,,,,,,,,,,,,,,,,,,,,,,,604.47998046875,609.9400024414062,603.2000122070312,609.72998046875,602.6530151367188,40921300.0
2025-02-14,,,,,,,,,,,,,,,,,,,,,,,,,,,,,,,609.9400024414062,610.989990234375,609.0700073242188,609.7000122070312,602.623291015625,26910400.0
2025-02-18,,,,,,,,,,,,,,,,,,,,,,,,,,,,,,,610.8800048828125,611.489990234375,608.3800048828125,611.489990234375,604.3924560546875,26749000.0
2025-02-19,,,,,,,,,,,,,,,,,,,,,,,,,,,,,,,610.0800170898438,613.22998046875,609.5599975585938,612.9299926757812,605.8158569335938,31011100.0
2025-02-20,,,,,,,,,,,,,,,,,,,,,,,,,,,,,,,611.5399780273438,611.6799926757812,607.02001953125,610.3800048828125,603.2954711914062,36554000.0
2025-02-21,,,,,,,,,,,,,,,,,,,,,,,,,,,,,,,610.1599731445312,610.2999877929688,599.469970703125,599.9400024414062,592.9765625,76519800.0
2025-02-24,,,,,,,,,,,,,,,,,,,,,,,,,,,,,,,602.02001953125,603.030029296875,596.489990234375,597.2100219726562,590.2783203125,50737200.0
2025-02-25,,,,,,,,,,,,,,,,,,,,,,,,,,,,,,,597.1500244140625,597.8900146484375,589.5599975585938,594.239990234375,587.3427734375,58266500.0
2025-02-26,,,,,,,,,,,,,,,,,,,,,,,,,,,,,,,595.9299926757812,599.5800170898438,591.8599853515625,594.5399780273438,587.6392822265625,43321600.0
2025-02-27,,,,,,,,,,,,,,,,,,,,,,,,,,,,,,,596.8499755859375,598.02001953125,584.6500244140625,585.0499877929688,578.2593994140625,74196700.0
2025-02-28,,,,,,,,,,,,,,,,,,,,,,,,,,,,,,,585.5599975585938,594.719970703125,582.4400024414062,594.1799926757812,587.283447265625,88744100.0
2025-03-03,,,,,,,,,,,,,,,,,,,,,,,,,,,,,,,596.1799926757812,597.3400268554688,579.9000244140625,583.77001953125,576.9942626953125,74249200.0
2025-03-04,,,,,,,,,,,,,,,,,,,,,,,,,,,,,,,579.7100219726562,585.3900146484375,572.25,576.8599853515625,570.1644287109375,109648200.0
2025-03-05,,,,,,,,,,,,,,,,,,,,,,,,,,,,,,,576.6900024414062,584.8800048828125,573.0800170898438,583.0599975585938,576.29248046875,71230500.0
2025-03-06,,,,,,,,,,,,,,,,,,,,,,,,,,,,,,,575.47998046875,580.1699829101562,570.1199951171875,572.7100219726562,566.0626220703125,80094900.0
2025-03-07,,,,,,,,,,,,,,,,,,,,,,,,,,,,,,,570.9000244140625,577.3900146484375,565.6300048828125,575.9199829101562,569.2353515625,81158800.0
2025-03-10,,,,,,,,,,,,,,,,,,,,,,,,,,,,,,,567.5900268554688,569.5399780273438,555.5900268554688,560.5800170898438,554.073486328125,99326600.0
2025-03-11,,,,,,,,,,,,,,,,,,,,,,,,,,,,,,,559.4000244140625,564.02001953125,552.02001953125,555.9199829101562,549.4674682617188,88102100.0
2025-03-12,,,,,,,,,,,,,,,,,,,,,,,,,,,,,,,562.1699829101562,563.1099853515625,553.6900024414062,558.8699951171875,552.3832397460938,69588200.0
2025-03-13,,,,,,,,,,,,,,,,,,,,,,,,,,,,,,,558.489990234375,559.1099853515625,549.6799926757812,551.4199829101562,545.019775390625,74079400.0
2025-03-14,,,,,,,,,,,,,,,,,,,,,,,,,,,,,,,556.1099853515625,563.8300170898438,551.489990234375,562.8099975585938,556.277587890625,62660300.0
2025-03-17,,,,,,,,,,,,,,,,,,,,,,,,,,,,,,,562.7899780273438,569.7100219726562,562.3499755859375,567.1500244140625,560.567138671875,49008700.0
2025-03-18,,,,,,,,,,,,,,,,,,,,,,,,,,,,,,,564.7999877929688,565.02001953125,559.0599975585938,561.02001953125,554.5083618164062,66041400.0
2025-03-19,,,,,,,,,,,,,,,,,,,,,,,,,,,,,,,562.8300170898438,570.9500122070312,561.6300048828125,567.1300048828125,560.54736328125,66556000.0
2025-03-20,,,,,,,,,,,,,,,,,,,,,,,,,,,,,,,563.3300170898438,570.5700073242188,562.5999755859375,565.489990234375,558.9264526367188,62958200.0
2025-03-21,,,,,,,,,,,,,,,,,,,,,,,,,,,,,,,559.280029296875,564.8900146484375,558.030029296875,563.97998046875,559.11083984375,83763000.0
2025-03-24,,,,,,,,,,,,,,,,,,,,,,,,,,,,,,,570.7999877929688,575.1500244140625,570.2000122070312,574.0800170898438,569.1236572265625,58766800.0
2025-03-25,,,,,,,,,,,,,,,,,,,,,,,,,,,,,,,575.2999877929688,576.4099731445312,573.6900024414062,575.4600219726562,570.4917602539062,38355700.0
2025-03-26,,,,,,,,,,,,,,,,,,,,,,,,,,,,,,,575.1900024414062,576.3300170898438,567.1900024414062,568.5900268554688,563.6810302734375,51848300.0
2025-03-27,,,,,,,,,,,,,,,,,,,,,,,,,,,,,,,567.1799926757812,570.9000244140625,564.9400024414062,567.0800170898438,562.18408203125,42164200.0
2025-03-28,,,,,,,,,,,,,,,,,,,,,,,,,,,,,,,565.530029296875,566.27001953125,555.0700073242188,555.6599731445312,550.8626708984375,71662700.0
2025-03-31,,,,,,,,,,,,,,,,,,,,,,,,,,,,,,,549.8300170898438,560.7100219726562,546.8699951171875,559.3900146484375,554.5604858398438,95328200.0
2025-04-01,,,,,,,,,,,,,,,,,,,,,,,,,,,,,,,557.4500122070312,562.9400024414062,553.6799926757812,560.969970703125,556.1267700195312,54609600.0
2025-04-02,,,,,,,,,,,,,,,,,,,,,,,,,,,,,,,555.0499877929688,567.4199829101562,554.8099975585938,564.52001953125,559.6461791992188,76014500.0
2025-04-03,,,,,,,,,,,,,,,,,,,,,,,,,,,,,,,545.1099853515625,547.969970703125,536.7000122070312,536.7000122070312,532.06640625,125986000.0
2025-04-04,,,,,,,,,,,,,,,,,,,,,,,,,,,,,,,523.6699829101562,525.8699951171875,505.05999755859375,505.2799987792969,500.9176330566406,217965100.0
2025-04-07,,,,,,,,,,,,,,,,,,,,,,,,,,,,,,,489.19000244140625,523.1699829101562,481.79998779296875,504.3800048828125,500.025390625,256611400.0
2025-04-08,,,,,,,,,,,,,,,,,,,,,,,,,,,,,,,521.8599853515625,524.97998046875,489.1600036621094,496.4800109863281,492.1936340332031,165816600.0
2025-04-09,,,,,,,,,,,,,,,,,,,,,,,,,,,,,,,493.44000244140625,548.6199951171875,493.04998779296875,548.6199951171875,543.8834838867188,241867300.0
2025-04-10,,,,,,,,,,,,,,,,,,,,,,,,,,,,,,,532.1699829101562,533.5,509.32000732421875,524.5800170898438,520.0510864257812,162331200.0
2025-04-11,,,,,,,,,,,,,,,,,,,,,,,,,,,,,,,523.010009765625,536.4299926757812,520.0700073242188,533.9400024414062,529.3302001953125,97866300.0
2025-04-14,,,,,,,,,,,,,,,,,,,,,,,,,,,,,,,544.0499877929688,544.280029296875,533.8599853515625,539.1199951171875,534.4654541015625,68034000.0
2025-04-15,,,,,,,,,,,,,,,,,,,,,,,,,,,,,,,539.6699829101562,543.22998046875,536.8099975585938,537.6099853515625,532.9684448242188,56892900.0
2025-04-16,,,,,,,,,,,,,,,,,,,,,,,,,,,,,,,531.6799926757812,537.8900146484375,520.2899780273438,525.6599731445312,521.1217041015625,83484800.0
2025-04-17,,,,,,,,,,,,,,,,,,,,,,,,,,,,,,,527.6400146484375,531.1699829101562,523.9099731445312,526.4099731445312,521.8651733398438,79868100.0
2025-04-21,,,,,,,,,,,,,,,,,,,,,,,,,,,,,,,521.1599731445312,521.7000122070312,508.4599914550781,513.8800048828125,509.443359375,69368100.0
2025-04-22,,,,,,,,,,,,,,,,,,,,,,,,,,,,,,,520.1400146484375,529.2999877929688,519.1900024414062,527.25,522.697998046875,75948100.0
2025-04-23,,,,,,,,,,,,,,,,,,,,,,,,,,,,,,,540.4299926757812,545.4299926757812,533.8800048828125,535.4199829101562,530.79736328125,90590700.0
2025-04-24,,,,,,,,,,,,,,,,,,,,,,,,,,,,,,,536.719970703125,547.4299926757812,535.4500122070312,546.6900024414062,541.9701538085938,64150400.0
2025-04-25,,,,,,,,,,,,,,,,,,,,,,,,,,,,,,,546.6500244140625,551.0499877929688,543.6900024414062,550.6400146484375,545.885986328125,61119600.0
2025-04-28,,,,,,,,,,,,,,,,,,,,,,,,,,,,,,,551.3900146484375,553.5499877929688,545.02001953125,550.8499755859375,546.0941772460938,47613800.0
2025-04-29,,,,,,,,,,,,,,,,,,,,,,,,,,,,,,,548.9099731445312,555.4500122070312,548.5499877929688,554.3200073242188,549.5341796875,47775100.0
2025-04-30,,,,,,,,,,,,,,,,,,,,,,,,,,,,,,,547.5700073242188,556.52001953125,541.52001953125,554.5399780273438,549.7523803710938,93101500.0
2025-05-01,,,,,,,,,,,,,,,,,,,,,,,,,,,,,,,560.3699951171875,564.0700073242188,557.8599853515625,558.469970703125,553.6483764648438,63186100.0
2025-05-02,,,,,,,,,,,,,,,,,,,,,,,,,,,,,,,564.72998046875,568.3800048828125,562.3800048828125,566.760009765625,561.8668212890625,60717300.0
2025-05-05,,,,,,,,,,,,,,,,,,,,,,,,,,,,,,,562.5700073242188,566.6500244140625,561.7000122070312,563.510009765625,558.6448974609375,38659200.0
2025-05-06,,,,,,,,,,,,,,,,,,,,,,,,,,,,,,,557.9299926757812,563.3499755859375,556.9600219726562,558.7999877929688,553.9755249023438,48264700.0
2025-05-07,,,,,,,,,,,,,,,,,,,,,,,,,,,,,,,560.1500244140625,563.8200073242188,556.0399780273438,561.1500244140625,556.3052978515625,55588000.0
2025-05-08,,,,,,,,,,,,,,,,,,,,,,,,,,,,,,,565.239990234375,570.3099975585938,561.7000122070312,565.0599975585938,560.1815185546875,65130800.0
2025-05-09,,,,,,,,,,,,,,,,,,,,,,,,,,,,,,,566.47998046875,567.5,562.760009765625,564.3400268554688,559.4677734375,37603400.0
2025-05-12,,,,,,,,,,,,,,,,,,,,,,,,,,,,,,,581.469970703125,583.0,577.0399780273438,582.989990234375,577.9567260742188,78993600.0
2025-05-13,,,,,,,,,,,,,,,,,,,,,,,,,,,,,,,583.4099731445312,589.0800170898438,582.8400268554688,586.8400268554688,581.7734985351562,67947200.0
2025-05-14,,,,,,,,,,,,,,,,,,,,,,,,,,,,,,,587.8099975585938,588.97998046875,585.5399780273438,587.5900268554688,582.5170288085938,66283500.0
2025-05-15,,,,,,,,,,,,,,,,,,,,,,,,,,,,,,,585.5599975585938,590.969970703125,585.0999755859375,590.4600219726562,585.3622436523438,71268100.0
2025-05-16,,,,,,,,,,,,,,,,,,,,,,,,,,,,,,,591.25,594.5,589.280029296875,594.2000122070312,589.0699462890625,76052100.0
2025-05-19,,,,,,,,,,,,,,,,,,,,,,,,,,,,,,,588.0999755859375,595.5399780273438,588.0999755859375,594.8499755859375,589.7142944335938,68168500.0
2025-05-20,,,,,,,,,,,,,,,,,,,,,,,,,,,,,,,593.0900268554688,594.0499877929688,589.5999755859375,592.8499755859375,587.7315673828125,60614500.0
2025-05-21,,,,,,,,,,,,,,,,,,,,,,,,,,,,,,,588.4400024414062,592.5800170898438,581.8200073242188,582.8599853515625,577.827880859375,95197700.0
2025-05-22,,,,,,,,,,,,,,,,,,,,,,,,,,,,,,,582.6599731445312,586.6199951171875,581.4099731445312,583.0900268554688,578.0558471679688,70860400.0
2025-05-23,,,,,,,,,,,,,,,,,,,,,,,,,,,,,,,575.97998046875,581.8099975585938,575.5999755859375,579.1099853515625,574.1102294921875,76029000.0
2025-05-27,,,,,,,,,,,,,,,,,,,,,,,,,,,,,,,586.0700073242188,591.3099975585938,578.4299926757812,591.1500244140625,586.0463256835938,72588500.0
2025-05-28,,,,,,,,,,,,,,,,,,,,,,,,,,,,,,,591.5599975585938,592.77001953125,586.989990234375,587.72998046875,582.65576171875,68445500.0
2025-05-29,,,,,,,,,,,,,,,,,,,,,,,,,,,,,,,593.0599975585938,593.2000122070312,586.0700073242188,590.0499877929688,584.9557495117188,69973300.0
2025-05-30,,,,,,,,,,,,,,,,,,,,,,,,,,,,,,,588.9299926757812,591.1300048828125,583.239990234375,589.3900146484375,584.3014526367188,90601200.0
2025-06-02,,,,,,,,,,,,,,,,,,,,,,,,,,,,,,,587.760009765625,592.7899780273438,585.0599975585938,592.7100219726562,587.5928344726562,61630500.0
2025-06-03,,,,,,,,,,,,,,,,,,,,,,,,,,,,,,,592.3400268554688,597.0800170898438,591.8499755859375,596.0900268554688,590.9436645507812,63606200.0
2025-06-04,,,,,,,,,,,,,,,,,,,,,,,,,,,,,,,596.9600219726562,597.9500122070312,595.489990234375,595.9299926757812,590.7849731445312,57314200.0
2025-06-05,,,,,,,,,,,,,,,,,,,,,,,,,,,,,,,597.6300048828125,599.0,591.0499877929688,593.0499877929688,587.9298095703125,92278700.0
2025-06-06,,,,,,,,,,,,,,,,,,,,,,,,,,,,,,,598.6599731445312,600.8300170898438,596.8599853515625,599.1400146484375,593.96728515625,66588700.0
2025-06-09,,,,,,,,,,,,,,,,,,,,,,,,,,,,,,,599.719970703125,601.25,598.489990234375,599.6799926757812,594.5026245117188,53016400.0
2025-06-10,,,,,,,,,,,,,,,,,,,,,,,,,,,,,,,600.219970703125,603.469970703125,599.0900268554688,603.0800170898438,597.873291015625,66247000.0
2025-06-11,,,,,,,,,,,,,,,,,,,,,,,,,,,,,,,604.1900024414062,605.0599975585938,599.27001953125,601.3599853515625,596.1681518554688,73658200.0
2025-06-12,,,,,,,,,,,,,,,,,,,,,,,,,,,,,,,600.010009765625,603.75,599.52001953125,603.75,598.5374755859375,64129000.0
2025-06-13,,,,,,,,,,,,,,,,,,,,,,,,,,,,,,,598.5,601.8499755859375,595.47998046875,597.0,591.8457641601562,89506000.0
2025-06-16,,,,,,,,,,,,,,,,,,,,,,,,,,,,,,,600.4000244140625,604.4500122070312,600.219970703125,602.6799926757812,597.4766845703125,79984100.0
2025-06-17,,,,,,,,,,,,,,,,,,,,,,,,,,,,,,,600.2100219726562,601.75,596.760009765625,597.530029296875,592.3711547851562,82209400.0
2025-06-18,,,,,,,,,,,,,,,,,,,,,,,,,,,,,,,598.4400024414062,601.219970703125,596.469970703125,597.4400024414062,592.281982421875,76605000.0
2025-06-20,,,,,,,,,,,,,,,,,,,,,,,,,,,,,,,598.3800048828125,599.4600219726562,592.8599853515625,594.280029296875,590.8909301757812,94051400.0
2025-06-23,,,,,,,,,,,,,,,,,,,,,,,,,,,,,,,595.0399780273438,600.5399780273438,591.8900146484375,600.1500244140625,596.7274780273438,87426000.0
2025-06-24,,,,,,,,,,,,,,,,,,,,,,,,,,,,,,,604.3300170898438,607.8499755859375,603.4099731445312,606.780029296875,603.3196411132812,67735300.0
2025-06-25,,,,,,,,,,,,,,,,,,,,,,,,,,,,,,,607.9099731445312,608.6099853515625,605.5399780273438,607.1199951171875,603.65771484375,62114800.0
2025-06-26,,,,,,,,,,,,,,,,,,,,,,,,,,,,,,,608.989990234375,612.3099975585938,608.3699951171875,611.8699951171875,608.380615234375,78548400.0
2025-06-27,,,,,,,,,,,,,,,,,,,,,,,,,,,,,,,612.8800048828125,616.3900146484375,610.8300170898438,614.9099731445312,611.4032592773438,86258400.0
2025-06-30,,,,,,,,,,,,,,,,,,,,,,,,,,,,,,,617.3800048828125,619.219970703125,615.0399780273438,617.8499755859375,614.3265380859375,92502500.0
2025-07-01,,,,,,,,,,,,,,,,,,,,,,,,,,,,,,,616.3599853515625,618.8300170898438,615.52001953125,617.6500244140625,614.127685546875,70030100.0
2025-07-02,,,,,,,,,,,,,,,,,,,,,,,,,,,,,,,617.239990234375,620.489990234375,616.6099853515625,620.4500122070312,616.9116821289062,66510400.0
2025-07-03,,,,,,,,,,,,,,,,,,,,,,,,,,,,,,,622.4500122070312,626.280029296875,622.4299926757812,625.3400268554688,621.7738037109375,51065800.0
2025-07-07,,,,,,,,,,,,,,,,,,,,,,,,,,,,,,,623.3599853515625,624.030029296875,617.8699951171875,620.6799926757812,617.140380859375,74814500.0
2025-07-08,,,,,,,,,,,,,,,,,,,,,,,,,,,,,,,621.3499755859375,622.1099853515625,619.52001953125,620.3400268554688,616.8023681640625,59024600.0
2025-07-09,,,,,,,,,,,,,,,,,,,,,,,,,,,,,,,622.77001953125,624.719970703125,620.9099731445312,624.0599975585938,620.5010986328125,66113300.0
2025-07-10,,,,,,,,,,,,,,,,,,,,,,,,,,,,,,,624.2000122070312,626.8699951171875,623.010009765625,625.8200073242188,622.2510986328125,57529000.0
2025-07-11,,,,,,,,,,,,,,,,,,,,,,,,,,,,,,,622.739990234375,624.8599853515625,621.530029296875,623.6199951171875,620.0635986328125,63670200.0
2025-07-14,,,,,,,,,,,,,,,,,,,,,,,,,,,,,,,623.1599731445312,625.1599731445312,621.7999877929688,624.8099975585938,621.2467651367188,51898500.0
2025-07-15,,,,,,,,,,,,,,,,,,,,,,,,,,,,,,,627.52001953125,627.8599853515625,622.0599975585938,622.1400146484375,618.592041015625,74317300.0
2025-07-16,,,,,,,,,,,,,,,,,,,,,,,,,,,,,,,623.739990234375,624.72998046875,618.0499877929688,624.219970703125,620.66015625,88987500.0
2025-07-17,,,,,,,,,,,,,,,,,,,,,,,,,,,,,,,624.4000244140625,628.4000244140625,624.1799926757812,628.0399780273438,624.4583740234375,68885700.0
2025-07-18,,,,,,,,,,,,,,,,,,,,,,,,,,,,,,,629.2999877929688,629.469970703125,626.4600219726562,627.5800170898438,624.0010375976562,65621600.0
2025-07-21,,,,,,,,,,,,,,,,,,,,,,,,,,,,,,,628.77001953125,631.5399780273438,628.3400268554688,628.77001953125,625.1842651367188,63375000.0
2025-07-22,,,,,,,,,,,,,,,,,,,,,,,,,,,,,,,629.0999755859375,629.72998046875,626.1900024414062,628.8599853515625,625.2737426757812,60046300.0
2025-07-23,,,,,,,,,,,,,,,,,,,,,,,,,,,,,,,631.5499877929688,634.2100219726562,629.72998046875,634.2100219726562,630.59326171875,70511000.0
2025-07-24,,,,,,,,,,,,,,,,,,,,,,,,,,,,,,,634.5999755859375,636.1500244140625,633.989990234375,634.4199829101562,630.802001953125,71307100.0
2025-07-25,,,,,,,,,,,,,,,,,,,,,,,,,,,,,,,635.0900268554688,637.5800170898438,634.8400268554688,637.0999755859375,633.4667358398438,56865400.0
2025-07-28,,,,,,,,,,,,,,,,,,,,,,,,,,,,,,,637.47998046875,638.0399780273438,635.5399780273438,636.9400024414062,633.3076782226562,54917100.0
2025-07-29,,,,,,,,,,,,,,,,,,,,,,,,,,,,,,,638.3499755859375,638.6699829101562,634.3400268554688,635.260009765625,631.63720703125,60556300.0
2025-07-30,,,,,,,,,,,,,,,,,,,,,,,,,,,,,,,635.9199829101562,637.6799926757812,631.5399780273438,634.4600219726562,630.841796875,80418900.0
2025-07-31,,,,,,,,,,,,,,,,,,,,,,,,,,,,,,,639.4600219726562,639.8499755859375,630.77001953125,632.0800170898438,628.4754028320312,103385200.0
2025-08-01,,,,,,,,,,,,,,,,,,,,,,,,,,,,,,,626.2999877929688,626.3400268554688,619.2899780273438,621.719970703125,618.1743774414062,140103600.0
2025-08-04,,,,,,,,,,,,,,,,,,,,,,,,,,,,,,,625.6699829101562,631.219970703125,625.5800170898438,631.1699829101562,627.5704956054688,73218000.0
2025-08-05,,,,,,,,,,,,,,,,,,,,,,,,,,,,,,,631.7899780273438,632.6099853515625,627.0399780273438,627.969970703125,624.3887329101562,68051400.0
2025-08-06,,,,,,,,,,,,,,,,,,,,,,,,,,,,,,,629.0499877929688,633.4400024414062,628.1300048828125,632.780029296875,629.17138671875,64357500.0
2025-08-07,,,,,,,,,,,,,,,,,,,,,,,,,,,,,,,636.239990234375,636.97998046875,629.1099853515625,632.25,628.6443481445312,74205800.0
2025-08-08,,,,,,,,,,,,,,,,,,,,,,,,,,,,,,,634.0599975585938,637.6500244140625,633.739990234375,637.1799926757812,633.5462646484375,64051600.0
2025-08-11,,,,,,,,,,,,,,,,,,,,,,,,,,,,,,,637.4600219726562,638.9500122070312,634.6599731445312,635.9199829101562,632.29345703125,58742300.0
2025-08-12,,,,,,,,,,,,,,,,,,,,,,,,,,,,,,,638.2899780273438,642.8499755859375,636.7899780273438,642.6900024414062,639.02490234375,64730800.0
2025-08-13,,,,,,,,,,,,,,,,,,,,,,,,,,,,,,,644.9099731445312,646.1900024414062,642.6799926757812,644.8900146484375,641.2123413085938,60092800.0
2025-08-14,,,,,,,,,,,,,,,,,,,,,,,,,,,,,,,642.7899780273438,645.6199951171875,642.3400268554688,644.9500122070312,641.27197265625,59327500.0
2025-08-15,,,,,,,,,,,,,,,,,,,,,,,,,,,,,,,645.989990234375,646.0900268554688,642.52001953125,643.4400024414062,639.7706298828125,68592500.0
2025-08-18,,,,,,,,,,,,,,,,,,,,,,,,,,,,,,,642.8599853515625,644.0,642.1799926757812,643.2999877929688,639.63134765625,43804900.0
2025-08-19,,,,,,,,,,,,,,,,,,,,,,,,,,,,,,,643.1199951171875,644.1099853515625,638.47998046875,639.8099975585938,636.1612548828125,69750700.0
2025-08-20,,,,,,,,,,,,,,,,,,,,,,,,,,,,,,,639.4000244140625,639.6599731445312,632.9500122070312,638.1099853515625,634.470947265625,88890300.0
2025-08-21,,,,,,,,,,,,,,,,,,,,,,,,,,,,,,,636.280029296875,637.969970703125,633.8099975585938,635.5499877929688,631.925537109375,54805800.0
2025-08-22,,,,,,,,,,,,,,,,,,,,,,,,,,,,,,,637.760009765625,646.5,637.25,645.3099975585938,641.6299438476562,84083200.0
2025-08-25,,,,,,,,,,,,,,,,,,,,,,,,,,,,,,,644.0399780273438,645.2899780273438,642.3499755859375,642.469970703125,638.8060302734375,51274300.0
2025-08-26,,,,,,,,,,,,,,,,,,,,,,,,,,,,,,,642.2000122070312,645.510009765625,641.5700073242188,645.1599731445312,641.4807739257812,51581600.0
2025-08-27,,,,,,,,,,,,,,,,,,,,,,,,,,,,,,,644.5700073242188,647.3699951171875,644.4199829101562,646.6300048828125,642.9423828125,48341100.0
2025-08-28,,,,,,,,,,,,,,,,,,,,,,,,,,,,,,,647.239990234375,649.47998046875,645.3400268554688,648.9199829101562,645.2192993164062,61519500.0
2025-08-29,,,,,,,,,,,,,,,,,,,,,,,,,,,,,,,647.469970703125,647.8400268554688,643.1400146484375,645.0499877929688,641.3713989257812,74522200.0
2025-09-02,,,,,,,,,,,,,,,,,,,,,,,,,,,,,,,637.5,640.489990234375,634.9199829101562,640.27001953125,636.61865234375,81983500.0
2025-09-03,,,,,,,,,,,,,,,,,,,,,,,,,,,,,,,642.6699829101562,644.2100219726562,640.4600219726562,643.739990234375,640.06884765625,70820900.0
2025-09-04,,,,,,,,,,,,,,,,,,,,,,,,,,,,,,,644.4199829101562,649.1500244140625,643.510009765625,649.1199951171875,645.4181518554688,65219200.0
2025-09-05,,,,,,,,,,,,,,,,,,,,,,,,,,,,,,,651.47998046875,652.2100219726562,643.3300170898438,647.239990234375,643.5488891601562,85178900.0
2025-09-08,,,,,,,,,,,,,,,,,,,,,,,,,,,,,,,648.6199951171875,649.8400268554688,647.22998046875,648.8300170898438,645.1298217773438,63133100.0
2025-09-09,,,,,,,,,,,,,,,,,,,,,,,,,,,,,,,648.969970703125,650.8599853515625,647.219970703125,650.3300170898438,646.6212768554688,66133900.0
2025-09-10,,,,,,,,,,,,,,,,,,,,,,,,,,,,,,,653.6199951171875,654.5499877929688,650.6300048828125,652.2100219726562,648.4906005859375,78034500.0
2025-09-11,,,,,,,,,,,,,,,,,,,,,,,,,,,,,,,654.1799926757812,658.3300170898438,653.5900268554688,657.6300048828125,653.8796997070312,69934400.0
2025-09-12,,,,,,,,,,,,,,,,,,,,,,,,,,,,,,,657.5999755859375,659.1099853515625,656.9000244140625,657.4099731445312,653.660888671875,72780100.0
2025-09-15,,,,,,,,,,,,,,,,,,,,,,,,,,,,,,,659.6400146484375,661.0399780273438,659.3400268554688,660.9099731445312,657.1409301757812,63772400.0
2025-09-16,,,,,,,,,,,,,,,,,,,,,,,,,,,,,,,661.469970703125,661.780029296875,659.2100219726562,660.0,656.2361450195312,61169000.0
2025-09-17,,,,,,,,,,,,,,,,,,,,,,,,,,,,,,,660.010009765625,661.719970703125,654.2999877929688,659.1799926757812,655.4208374023438,101952200.0
2025-09-18,,,,,,,,,,,,,,,,,,,,,,,,,,,,,,,661.8900146484375,664.8900146484375,660.27001953125,662.260009765625,658.4832763671875,90459200.0
2025-09-19,,,,,,,,,,,,,,,,,,,,,,,,,,,,,,,662.3300170898438,664.5499877929688,660.3699951171875,663.7000122070312,661.74462890625,97945600.0
2025-09-22,,,,,,,,,,,,,,,,,,,,,,,,,,,,,,,662.2000122070312,667.2899780273438,662.1699829101562,666.8400268554688,664.8753662109375,69452200.0
2025-09-23,,,,,,,,,,,,,,,,,,,,,,,,,,,,,,,666.719970703125,667.3400268554688,661.97998046875,663.2100219726562,661.256103515625,81708900.0
2025-09-24,,,,,,,,,,,,,,,,,,,,,,,,,,,,,,,664.510009765625,664.6099853515625,659.6699829101562,661.0999755859375,659.1522216796875,68082200.0
2025-09-25,,,,,,,,,,,,,,,,,,,,,,,,,,,,,,,657.9400024414062,659.4099731445312,654.4099731445312,658.0499877929688,656.1112670898438,89622100.0
2025-09-26,,,,,,,,,,,,,,,,,,,,,,,,,,,,,,,659.510009765625,662.3699951171875,657.8800048828125,661.8200073242188,659.8701782226562,69179200.0
2025-09-29,,,,,,,,,,,,,,,,,,,,,,,,,,,,,,,664.3599853515625,665.280029296875,661.8599853515625,663.6799926757812,661.7246704101562,73499000.0
2025-09-30,,,,,,,,,,,,,,,,,,,,,,,,,,,,,,,662.9299926757812,666.6500244140625,661.6099853515625,666.1799926757812,664.21728515625,86288000.0
2025-10-01,,,,,,,,,,,,,,,,,,,,,,,,,,,,,,,663.1699829101562,669.3699951171875,663.0599975585938,668.4500122070312,666.4806518554688,72545400.0
2025-10-02,,,,,,,,,,,,,,,,,,,,,,,,,,,,,,,670.4500122070312,670.5700073242188,666.780029296875,669.219970703125,667.248291015625,56896000.0
2025-10-03,,,,,,,,,,,,,,,,,,,,,,,,,,,,,,,669.989990234375,672.6799926757812,668.1599731445312,669.2100219726562,667.2384033203125,70494400.0
2025-10-06,,,,,,,,,,,,,,,,,,,,,,,,,,,,,,,671.6199951171875,672.510009765625,669.4600219726562,671.6099853515625,669.6312866210938,54623300.0
2025-10-07,,,,,,,,,,,,,,,,,,,,,,,,,,,,,,,672.5399780273438,672.989990234375,667.6699829101562,669.1199951171875,667.1486206054688,72020100.0
2025-10-08,,,,,,,,,,,,,,,,,,,,,,,,,,,,,,,670.25,673.2100219726562,669.4199829101562,673.1099853515625,671.1268920898438,60702200.0
2025-10-09,,,,,,,,,,,,,,,,,,,,,,,,,,,,,,,673.530029296875,673.9400024414062,669.2100219726562,671.1599731445312,669.1826171875,66501900.0
2025-10-10,,,,,,,,,,,,,,,,,,,,,,,,,,,,,,,672.1300048828125,673.9500122070312,652.8400268554688,653.02001953125,651.0960693359375,159422600.0
2025-10-13,,,,,,,,,,,,,,,,,,,,,,,,,,,,,,,660.6500244140625,665.1300048828125,659.77001953125,663.0399780273438,661.0865478515625,79560500.0
2025-10-14,,,,,,,,,,,,,,,,,,,,,,,,,,,,,,,657.1699829101562,665.8300170898438,653.1699829101562,662.22998046875,660.2789306640625,88779600.0
2025-10-15,,,,,,,,,,,,,,,,,,,,,,,,,,,,,,,666.8200073242188,670.22998046875,658.9299926757812,665.1699829101562,663.2102661132812,81702600.0
2025-10-16,,,,,,,,,,,,,,,,,,,,,,,,,,,,,,,666.8200073242188,668.7100219726562,657.1099853515625,660.6400146484375,658.6936645507812,110563300.0
2025-10-17,,,,,,,,,,,,,,,,,,,,,,,,,,,,,,,659.5,665.760009765625,658.1400146484375,664.3900146484375,662.4326171875,96500900.0
2025-10-20,,,,,,,,,,,,,,,,,,,,,,,,,,,,,,,667.3200073242188,672.2100219726562,667.27001953125,671.2999877929688,669.3222045898438,60493400.0
2025-10-21,,,,,,,,,,,,,,,,,,,,,,,,,,,,,,,671.4400024414062,672.989990234375,669.97998046875,671.2899780273438,669.3121948242188,56249000.0
2025-10-22,,,,,,,,,,,,,,,,,,,,,,,,,,,,,,,672.0,672.0,663.2999877929688,667.7999877929688,665.83251953125,80564000.0
2025-10-23,,,,,,,,,,,,,,,,,,,,,,,,,,,,,,,668.1199951171875,672.7100219726562,667.7999877929688,671.760009765625,669.7808837890625,65604500.0
2025-10-24,,,,,,,,,,,,,,,,,,,,,,,,,,,,,,,676.4600219726562,678.469970703125,675.6500244140625,677.25,675.2546997070312,74356500.0
2025-10-27,,,,,,,,,,,,,,,,,,,,,,,,,,,,,,,682.72998046875,685.5399780273438,682.1199951171875,685.239990234375,683.2211303710938,63339800.0
2025-10-28,,,,,,,,,,,,,,,,,,,,,,,,,,,,,,,687.0499877929688,688.9099731445312,684.8300170898438,687.0599975585938,685.0357666015625,61738100.0
2025-10-29,,,,,,,,,,,,,,,,,,,,,,,,,,,,,,,688.719970703125,689.7000122070312,682.8699951171875,687.3900146484375,685.3648071289062,85657100.0
2025-10-30,,,,,,,,,,,,,,,,,,,,,,,,,,,,,,,683.9000244140625,685.9400024414062,679.8300170898438,679.8300170898438,677.8270874023438,76335800.0
2025-10-31,,,,,,,,,,,,,,,,,,,,,,,,,,,,,,,685.0399780273438,685.0800170898438,679.239990234375,682.0599975585938,680.050537109375,87164100.0
2025-11-03,,,,,,,,,,,,,,,,,,,,,,,,,,,,,,,685.6699829101562,685.7999877929688,679.9400024414062,683.3400268554688,681.3267822265625,57315000.0
2025-11-04,,,,,,,,,,,,,,,,,,,,,,,,,,,,,,,676.1099853515625,679.9600219726562,674.5800170898438,675.239990234375,673.2506103515625,78427000.0
2025-11-05,,,,,,,,,,,,,,,,,,,,,,,,,,,,,,,674.97998046875,680.8599853515625,674.1699829101562,677.5800170898438,675.583740234375,74402400.0
2025-11-06,,,,,,,,,,,,,,,,,,,,,,,,,,,,,,,676.469970703125,677.3800048828125,668.719970703125,670.3099975585938,668.3351440429688,85035300.0
2025-11-07,,,,,,,,,,,,,,,,,,,,,,,,,,,,,,,667.9099731445312,671.0800170898438,661.2100219726562,670.969970703125,668.9931640625,100592400.0
2025-11-10,,,,,,,,,,,,,,,,,,,,,,,,,,,,,,,677.239990234375,682.1799926757812,675.030029296875,681.4400024414062,679.432373046875,75842900.0
2025-11-11,,,,,,,,,,,,,,,,,,,,,,,,,,,,,,,679.9500122070312,683.5700073242188,678.72998046875,683.0,680.9877319335938,58953400.0
2025-11-12,,,,,,,,,,,,,,,,,,,,,,,,,,,,,,,684.7899780273438,684.9600219726562,680.9500122070312,683.3800048828125,681.3666381835938,62312500.0
2025-11-13,,,,,,,,,,,,,,,,,,,,,,,,,,,,,,,680.5,680.8599853515625,670.52001953125,672.0399780273438,670.0599975585938,103457800.0
2025-11-14,,,,,,,,,,,,,,,,,,,,,,,,,,,,,,,665.3800048828125,675.6599731445312,663.27001953125,671.9299926757812,669.9503784179688,96846700.0
2025-11-17,,,,,,,,,,,,,,,,,,,,,,,,,,,,,,,669.7000122070312,673.7100219726562,662.1699829101562,665.6699829101562,663.7088012695312,90456100.0
2025-11-18,,,,,,,,,,,,,,,,,,,,,,,,,,,,,,,662.0999755859375,665.1199951171875,655.8599853515625,660.0800170898438,658.1353149414062,114467500.0
2025-11-19,,,,,,,,,,,,,,,,,,,,,,,,,,,,,,,660.780029296875,667.3400268554688,658.75,662.6300048828125,660.6777954101562,94703000.0
2025-11-20,,,,,,,,,,,,,,,,,,,,,,,,,,,,,,,672.9099731445312,675.5599975585938,651.8900146484375,652.530029296875,650.6075439453125,165293500.0
2025-11-21,,,,,,,,,,,,,,,,,,,,,,,,,,,,,,,655.0499877929688,664.5499877929688,650.8499755859375,659.030029296875,657.08837890625,123956200.0
2025-11-24,,,,,,,,,,,,,,,,,,,,,,,,,,,,,,,662.6900024414062,670.0599975585938,661.5900268554688,668.72998046875,666.759765625,80437900.0
2025-11-25,,,,,,,,,,,,,,,,,,,,,,,,,,,,,,,668.6300048828125,676.2100219726562,664.47998046875,675.02001953125,673.03125,81077100.0
2025-11-26,,,,,,,,,,,,,,,,,,,,,,,,,,,,,,,677.6300048828125,681.7000122070312,676.719970703125,679.6799926757812,677.6775512695312,71879600.0
2025-11-28,,,,,,,,,,,,,,,,,,,,,,,,,,,,,,,680.8599853515625,683.6699829101562,680.5,683.3900146484375,681.3765869140625,49212000.0
2025-12-01,,,,,,,,,,,,,,,,,,,,,,,,,,,,,,,678.8099975585938,682.989990234375,678.739990234375,680.27001953125,678.2658081054688,61201200.0
2025-12-02,,,,,,,,,,,,,,,,,,,,,,,,,,,,,,,681.9199829101562,683.8200073242188,679.3300170898438,681.530029296875,679.5220947265625,62953800.0
2025-12-03,,,,,,,,,,,,,,,,,,,,,,,,,,,,,,,680.5700073242188,684.9099731445312,679.6900024414062,683.8900146484375,681.8751220703125,57238500.0
2025-12-04,,,,,,,,,,,,,,,,,,,,,,,,,,,,,,,685.2999877929688,685.3699951171875,681.3400268554688,684.3900146484375,682.3736572265625,61970300.0
2025-12-05,,,,,,,,,,,,,,,,,,,,,,,,,,,,,,,685.469970703125,688.3900146484375,684.5800170898438,685.6900024414062,683.6697998046875,79241000.0
2025-12-08,,,,,,,,,,,,,,,,,,,,,,,,,,,,,,,686.5900268554688,686.6400146484375,681.5700073242188,683.6300048828125,681.6159057617188,55231500.0
2025-12-09,,,,,,,,,,,,,,,,,,,,,,,,,,,,,,,683.1500244140625,685.3900146484375,682.5900268554688,683.0399780273438,681.027587890625,58310100.0
2025-12-10,,,,,,,,,,,,,,,,,,,,,,,,,,,,,,,682.5599975585938,688.969970703125,681.3099975585938,687.5700073242188,685.5443115234375,85671300.0
2025-12-11,,,,,,,,,,,,,,,,,,,,,,,,,,,,,,,685.1400146484375,689.25,682.1699829101562,689.1699829101562,687.1395263671875,86173700.0
2025-12-12,,,,,,,,,,,,,,,,,,,,,,,,,,,,,,,688.1699829101562,688.8800048828125,679.1699829101562,681.760009765625,679.7514038085938,113160300.0
2025-12-15,,,,,,,,,,,,,,,,,,,,,,,,,,,,,,,685.739990234375,685.760009765625,679.25,680.72998046875,678.7244262695312,90811000.0
2025-12-16,,,,,,,,,,,,,,,,,,,,,,,,,,,,,,,679.22998046875,681.0800170898438,674.97998046875,678.8699951171875,676.8699340820312,122030600.0
2025-12-17,,,,,,,,,,,,,,,,,,,,,,,,,,,,,,,679.8900146484375,680.4400024414062,671.2000122070312,671.4000244140625,669.4219360351562,110625200.0
2025-12-18,,,,,,,,,,,,,,,,,,,,,,,,,,,,,,,677.5999755859375,680.739990234375,674.9000244140625,676.469970703125,674.4769287109375,108650100.0
2025-12-19,,,,,,,,,,,,,,,,,,,,,,,,,,,,,,,676.5900268554688,681.0900268554688,676.469970703125,680.5900268554688,680.5900268554688,103599500.0
2025-12-22,,,,,,,,,,,,,,,,,,,,,,,,,,,,,,,683.9400024414062,685.3599853515625,680.5900268554688,684.8300170898438,684.8300170898438,69556700.0
2025-12-23,,,,,,,,,,,,,,,,,,,,,,,,,,,,,,,683.9199829101562,688.2000122070312,683.8699951171875,687.9600219726562,687.9600219726562,64840000.0
2025-12-24,,,,,,,,,,,,,,,,,,,,,,,,,,,,,,,687.9500122070312,690.8300170898438,687.7999877929688,690.3800048828125,690.3800048828125,39445600.0
2025-12-26,,,,,,,,,,,,,,,,,,,,,,,,,,,,,,,690.6400146484375,691.6599731445312,689.27001953125,690.3099975585938,690.3099975585938,41613300.0
2025-12-29,,,,,,,,,,,,,,,,,,,,,,,,,,,,,,,687.5399780273438,689.2000122070312,686.0700073242188,687.8499755859375,687.8499755859375,62559500.0
2025-12-30,,,,,,,,,,,,,,,,,,,,,,,,,,,,,,,687.4500122070312,688.5599975585938,686.5800170898438,687.010009765625,687.010009765625,47160700.0
2025-12-31,,,,,,,,,,,,,,,,,,,,,,,,,,,,,,,687.1400146484375,687.3599853515625,681.7100219726562,681.9199829101562,681.9199829101562,74144800.0
2026-01-02,,,,,,,,,,,,,,,,,,,,,,,,,,,,,,,685.7100219726562,686.8699951171875,679.8200073242188,683.1699829101562,683.1699829101562,89377200.0
2026-01-05,,,,,,,,,,,,,,,,,,,,,,,,,,,,,,,686.5399780273438,689.4299926757812,686.3800048828125,687.719970703125,687.719970703125,71927200.0
2026-01-06,,,,,,,,,,,,,,,,,,,,,,,,,,,,,,,687.9299926757812,692.3200073242188,687.780029296875,691.8099975585938,691.8099975585938,69273800.0
2026-01-07,,,,,,,,,,,,,,,,,,,,,,,,,,,,,,,692.1900024414062,693.9600219726562,689.3200073242188,689.5800170898438,689.5800170898438,75588300.0
2026-01-08,,,,,,,,,,,,,,,,,,,,,,,,,,,,,,,688.8200073242188,690.6099853515625,687.489990234375,689.510009765625,689.510009765625,59701376.0
,,,,,,,,,,,,Open,High,Low,Close,AdjClose,Volume,,,,,,,,,,,,,,,,,,,
